15:01:38 INFO    app.workers.frame_worker | frame worker started (queue max 8)
15:01:39 INFO    app.core.events | ws client connected (1 total)
15:01:39 INFO    app.core.events | ws client connected (2 total)
15:01:39 WARNING app.api.routes.admin | DEMO RESET: 0 sightings and 0 crops deleted
15:01:39 WARNING app.api.routes.admin | DEMO RESET: 0 sightings and 0 crops deleted
15:01:39 INFO    app.api.routes.cameras | camera registered: SMOKE TEST temp camera (60be4a25-9880-4b3e-8011-3f149a6ac037)
15:01:39 INFO    app.api.routes.cameras | camera claimed: SMOKE TEST temp camera (60be4a25-9880-4b3e-8011-3f149a6ac037)
15:01:39 INFO    app.api.routes.cameras | camera SMOKE TEST temp camera moved to 25.020000, 67.050000 (accuracy None m)
15:01:39 INFO    app.core.events | ws client connected (3 total)
15:01:41 INFO    app.core.events | ws client connected (4 total)
15:01:41 INFO    app.core.events | ws client connected (5 total)
15:01:41 INFO    app.core.events | ws client connected (6 total)
15:01:41 INFO    app.core.events | ws client connected (7 total)
15:01:41 INFO    app.core.events | ws client connected (8 total)
15:01:42 INFO    app.workers.frame_worker | frame from camera 05ed7642-ff08-461f-b28f-2db08148c611 -> 1 detected, 1 kept, 0 violation(s), 1 sighting(s), 0 incident(s)
15:01:43 INFO    app.services.ingest | 2 of 5 detections were too small to identify (< 96 px tall) - dropped
15:01:43 INFO    app.services.ingest | dedupe: 2 of 5 detections were repeats of a frame already stored
15:01:43 INFO    app.services.ingest | incident b2acce2f-f7df-49ed-8368-53c493e80ef4: no_helmet at camera 55858868-8e25-47b8-8b66-bd30660db156, plate=UNREADABLE (fingerprint mode)
15:01:43 INFO    app.services.matching | incident b2acce2f-f7df-49ed-8368-53c493e80ef4: 1 of 1 candidates below 0.70 (stored, not offered): 0.613
15:01:43 INFO    app.services.ingest | incident b2acce2f-f7df-49ed-8368-53c493e80ef4: 1 candidates, best 0.613
15:01:43 INFO    app.services.ingest | no_helmet at camera 55858868-8e25-47b8-8b66-bd30660db156 already open as incident b2acce2f-f7df-49ed-8368-53c493e80ef4 (0.0s ago) - not opening a second
15:01:43 INFO    app.workers.frame_worker | frame from camera 55858868-8e25-47b8-8b66-bd30660db156 -> 5 detected, 3 kept, 2 violation(s), 3 sighting(s), 1 incident(s)
15:01:44 INFO    app.services.watchlist | WATCHLIST HIT: incident b2acce2f-f7df-49ed-8368-53c493e80ef4 reappeared at Camera 3 — Karsaz, score 0.605
15:01:44 INFO    app.services.ingest | incident 57ff8646-f75c-4f05-90a8-2b0d84dce8a8: no_helmet at camera 57da2ffe-db48-4628-85da-481cbba62525, plate=SAD426
15:01:44 INFO    app.services.ingest | incident 57ff8646-f75c-4f05-90a8-2b0d84dce8a8: plate SAD426 read - handed to ANPR, fingerprint matching skipped
15:01:44 INFO    app.services.watchlist | WATCHLIST HIT: incident b2acce2f-f7df-49ed-8368-53c493e80ef4 reappeared at Camera 3 — Karsaz, score 0.791
15:01:44 INFO    app.workers.frame_worker | frame from camera 57da2ffe-db48-4628-85da-481cbba62525 -> 2 detected, 2 kept, 1 violation(s), 2 sighting(s), 1 incident(s)
15:01:45 INFO    app.services.matching | burst dedupe: 3 sightings -> 2 passes
15:01:45 INFO    app.services.matching | incident b2acce2f-f7df-49ed-8368-53c493e80ef4: 2 of 2 candidates below 0.70 (stored, not offered): 0.613, 0.605
15:01:48 INFO    app.workers.frame_worker | frame from camera 05ed7642-ff08-461f-b28f-2db08148c611 -> 0 detected, 0 kept, 0 violation(s), 0 sighting(s), 0 incident(s)
15:01:52 WARNING app.api.routes.admin | DEMO RESET: 6 sightings and 6 crops deleted
15:01:52 INFO    app.core.events | ws client disconnected (7 left)
15:03:02 INFO    app.core.events | ws client disconnected (6 left)
15:03:02 INFO    app.core.events | ws client connected (7 total)
15:03:02 INFO    app.core.events | ws client disconnected (6 left)
15:03:02 INFO    app.core.events | ws client connected (7 total)
15:03:30 INFO    app.workers.frame_worker | frame from camera 05ed7642-ff08-461f-b28f-2db08148c611 -> 0 detected, 0 kept, 0 violation(s), 0 sighting(s), 0 incident(s)
15:03:31 INFO    app.workers.frame_worker | frame from camera 05ed7642-ff08-461f-b28f-2db08148c611 -> 0 detected, 0 kept, 0 violation(s), 0 sighting(s), 0 incident(s)
15:03:32 INFO    app.workers.frame_worker | frame from camera 05ed7642-ff08-461f-b28f-2db08148c611 -> 0 detected, 0 kept, 0 violation(s), 0 sighting(s), 0 incident(s)
15:03:35 INFO    app.workers.frame_worker | frame from camera 05ed7642-ff08-461f-b28f-2db08148c611 -> 0 detected, 0 kept, 0 violation(s), 0 sighting(s), 0 incident(s)
15:03:49 INFO    app.workers.frame_worker | frame from camera 05ed7642-ff08-461f-b28f-2db08148c611 -> 0 detected, 0 kept, 0 violation(s), 0 sighting(s), 0 incident(s)
15:03:50 INFO    app.workers.frame_worker | frame from camera 05ed7642-ff08-461f-b28f-2db08148c611 -> 0 detected, 0 kept, 0 violation(s), 0 sighting(s), 0 incident(s)
15:03:51 INFO    app.workers.frame_worker | frame from camera 05ed7642-ff08-461f-b28f-2db08148c611 -> 0 detected, 0 kept, 0 violation(s), 0 sighting(s), 0 incident(s)
15:03:52 INFO    app.workers.frame_worker | frame from camera 05ed7642-ff08-461f-b28f-2db08148c611 -> 0 detected, 0 kept, 0 violation(s), 0 sighting(s), 0 incident(s)
15:03:53 INFO    app.workers.frame_worker | frame from camera 05ed7642-ff08-461f-b28f-2db08148c611 -> 0 detected, 0 kept, 0 violation(s), 0 sighting(s), 0 incident(s)
15:03:56 INFO    app.workers.frame_worker | frame from camera 05ed7642-ff08-461f-b28f-2db08148c611 -> 0 detected, 0 kept, 0 violation(s), 0 sighting(s), 0 incident(s)
15:03:57 INFO    app.workers.frame_worker | frame from camera 05ed7642-ff08-461f-b28f-2db08148c611 -> 0 detected, 0 kept, 0 violation(s), 0 sighting(s), 0 incident(s)
15:03:58 INFO    app.workers.frame_worker | frame from camera 05ed7642-ff08-461f-b28f-2db08148c611 -> 0 detected, 0 kept, 0 violation(s), 0 sighting(s), 0 incident(s)
15:03:59 INFO    app.workers.frame_worker | frame from camera 05ed7642-ff08-461f-b28f-2db08148c611 -> 0 detected, 0 kept, 0 violation(s), 0 sighting(s), 0 incident(s)
15:04:00 INFO    app.workers.frame_worker | frame from camera 05ed7642-ff08-461f-b28f-2db08148c611 -> 0 detected, 0 kept, 0 violation(s), 0 sighting(s), 0 incident(s)
15:04:01 INFO    app.workers.frame_worker | frame from camera 05ed7642-ff08-461f-b28f-2db08148c611 -> 0 detected, 0 kept, 0 violation(s), 0 sighting(s), 0 incident(s)
15:04:03 INFO    app.workers.frame_worker | frame from camera 05ed7642-ff08-461f-b28f-2db08148c611 -> 0 detected, 0 kept, 0 violation(s), 0 sighting(s), 0 incident(s)
15:04:04 INFO    app.workers.frame_worker | frame from camera 05ed7642-ff08-461f-b28f-2db08148c611 -> 0 detected, 0 kept, 0 violation(s), 0 sighting(s), 0 incident(s)
15:04:05 INFO    app.workers.frame_worker | frame from camera 05ed7642-ff08-461f-b28f-2db08148c611 -> 0 detected, 0 kept, 0 violation(s), 0 sighting(s), 0 incident(s)
15:04:06 INFO    app.workers.frame_worker | frame from camera 05ed7642-ff08-461f-b28f-2db08148c611 -> 0 detected, 0 kept, 0 violation(s), 0 sighting(s), 0 incident(s)
15:04:07 INFO    app.workers.frame_worker | frame from camera 05ed7642-ff08-461f-b28f-2db08148c611 -> 0 detected, 0 kept, 0 violation(s), 0 sighting(s), 0 incident(s)
15:04:09 INFO    app.workers.frame_worker | frame from camera 05ed7642-ff08-461f-b28f-2db08148c611 -> 0 detected, 0 kept, 0 violation(s), 0 sighting(s), 0 incident(s)
15:04:10 INFO    app.workers.frame_worker | frame from camera 05ed7642-ff08-461f-b28f-2db08148c611 -> 0 detected, 0 kept, 0 violation(s), 0 sighting(s), 0 incident(s)
15:04:11 INFO    app.workers.frame_worker | frame from camera 05ed7642-ff08-461f-b28f-2db08148c611 -> 0 detected, 0 kept, 0 violation(s), 0 sighting(s), 0 incident(s)
15:04:12 INFO    app.workers.frame_worker | frame from camera 05ed7642-ff08-461f-b28f-2db08148c611 -> 0 detected, 0 kept, 0 violation(s), 0 sighting(s), 0 incident(s)
15:04:13 INFO    app.workers.frame_worker | frame from camera 05ed7642-ff08-461f-b28f-2db08148c611 -> 0 detected, 0 kept, 0 violation(s), 0 sighting(s), 0 incident(s)
15:04:14 INFO    app.workers.frame_worker | frame from camera 05ed7642-ff08-461f-b28f-2db08148c611 -> 0 detected, 0 kept, 0 violation(s), 0 sighting(s), 0 incident(s)
15:04:16 INFO    app.workers.frame_worker | frame from camera 05ed7642-ff08-461f-b28f-2db08148c611 -> 0 detected, 0 kept, 0 violation(s), 0 sighting(s), 0 incident(s)
15:04:17 INFO    app.workers.frame_worker | frame from camera 05ed7642-ff08-461f-b28f-2db08148c611 -> 0 detected, 0 kept, 0 violation(s), 0 sighting(s), 0 incident(s)
15:04:18 INFO    app.workers.frame_worker | frame from camera 05ed7642-ff08-461f-b28f-2db08148c611 -> 0 detected, 0 kept, 0 violation(s), 0 sighting(s), 0 incident(s)
15:04:19 INFO    app.workers.frame_worker | frame from camera 05ed7642-ff08-461f-b28f-2db08148c611 -> 0 detected, 0 kept, 0 violation(s), 0 sighting(s), 0 incident(s)
15:04:20 INFO    app.workers.frame_worker | frame from camera 05ed7642-ff08-461f-b28f-2db08148c611 -> 0 detected, 0 kept, 0 violation(s), 0 sighting(s), 0 incident(s)
15:04:22 INFO    app.workers.frame_worker | frame from camera 05ed7642-ff08-461f-b28f-2db08148c611 -> 0 detected, 0 kept, 0 violation(s), 0 sighting(s), 0 incident(s)
15:04:25 INFO    app.workers.frame_worker | frame from camera 05ed7642-ff08-461f-b28f-2db08148c611 -> 0 detected, 0 kept, 0 violation(s), 0 sighting(s), 0 incident(s)
15:04:26 INFO    app.workers.frame_worker | frame from camera 05ed7642-ff08-461f-b28f-2db08148c611 -> 0 detected, 0 kept, 0 violation(s), 0 sighting(s), 0 incident(s)
15:04:27 INFO    app.workers.frame_worker | frame from camera 05ed7642-ff08-461f-b28f-2db08148c611 -> 0 detected, 0 kept, 0 violation(s), 0 sighting(s), 0 incident(s)
15:04:28 INFO    app.workers.frame_worker | frame from camera 05ed7642-ff08-461f-b28f-2db08148c611 -> 0 detected, 0 kept, 0 violation(s), 0 sighting(s), 0 incident(s)
15:04:29 INFO    app.workers.frame_worker | frame from camera 05ed7642-ff08-461f-b28f-2db08148c611 -> 0 detected, 0 kept, 0 violation(s), 0 sighting(s), 0 incident(s)
15:04:30 INFO    app.workers.frame_worker | frame from camera 05ed7642-ff08-461f-b28f-2db08148c611 -> 0 detected, 0 kept, 0 violation(s), 0 sighting(s), 0 incident(s)
15:04:32 INFO    app.workers.frame_worker | frame from camera 05ed7642-ff08-461f-b28f-2db08148c611 -> 0 detected, 0 kept, 0 violation(s), 0 sighting(s), 0 incident(s)
15:04:44 INFO    app.core.events | ws client disconnected (6 left)
15:04:44 INFO    app.core.events | ws client connected (7 total)
15:04:45 INFO    app.core.events | ws client disconnected (6 left)
15:04:45 INFO    app.core.events | ws client connected (7 total)
15:04:45 INFO    app.core.events | ws client disconnected (6 left)
15:04:45 INFO    app.core.events | ws client connected (7 total)
15:04:46 INFO    app.core.events | ws client disconnected (6 left)
15:04:46 INFO    app.core.events | ws client connected (7 total)
15:04:47 INFO    app.core.events | ws client disconnected (6 left)
15:04:47 INFO    app.core.events | ws client connected (7 total)
15:04:48 INFO    app.core.events | ws client disconnected (6 left)
15:04:48 INFO    app.core.events | ws client connected (7 total)
15:04:49 INFO    app.core.events | ws client disconnected (6 left)
15:04:49 INFO    app.core.events | ws client connected (7 total)
15:04:49 INFO    app.core.events | ws client disconnected (6 left)
15:04:49 INFO    app.core.events | ws client connected (7 total)
15:04:55 INFO    app.workers.frame_worker | frame from camera 55858868-8e25-47b8-8b66-bd30660db156 -> 0 detected, 0 kept, 0 violation(s), 0 sighting(s), 0 incident(s)
15:04:56 INFO    app.core.events | ws client disconnected (6 left)
15:04:56 INFO    app.core.events | ws client connected (7 total)
15:04:56 INFO    app.workers.frame_worker | frame from camera 55858868-8e25-47b8-8b66-bd30660db156 -> 0 detected, 0 kept, 0 violation(s), 0 sighting(s), 0 incident(s)
15:04:57 INFO    app.core.events | ws client disconnected (6 left)
15:04:57 INFO    app.core.events | ws client connected (7 total)
15:04:58 INFO    app.workers.frame_worker | frame from camera 55858868-8e25-47b8-8b66-bd30660db156 -> 0 detected, 0 kept, 0 violation(s), 0 sighting(s), 0 incident(s)
15:04:59 INFO    app.workers.frame_worker | frame from camera 55858868-8e25-47b8-8b66-bd30660db156 -> 0 detected, 0 kept, 0 violation(s), 0 sighting(s), 0 incident(s)
15:05:00 INFO    app.workers.frame_worker | frame from camera 55858868-8e25-47b8-8b66-bd30660db156 -> 0 detected, 0 kept, 0 violation(s), 0 sighting(s), 0 incident(s)
15:05:01 INFO    app.workers.frame_worker | frame from camera 55858868-8e25-47b8-8b66-bd30660db156 -> 0 detected, 0 kept, 0 violation(s), 0 sighting(s), 0 incident(s)
15:05:02 INFO    app.workers.frame_worker | frame from camera 55858868-8e25-47b8-8b66-bd30660db156 -> 0 detected, 0 kept, 0 violation(s), 0 sighting(s), 0 incident(s)
15:05:05 INFO    app.workers.frame_worker | frame from camera 55858868-8e25-47b8-8b66-bd30660db156 -> 0 detected, 0 kept, 0 violation(s), 0 sighting(s), 0 incident(s)
15:05:07 INFO    app.workers.frame_worker | frame from camera 55858868-8e25-47b8-8b66-bd30660db156 -> 0 detected, 0 kept, 0 violation(s), 0 sighting(s), 0 incident(s)
15:05:09 INFO    app.workers.frame_worker | frame from camera 55858868-8e25-47b8-8b66-bd30660db156 -> 0 detected, 0 kept, 0 violation(s), 0 sighting(s), 0 incident(s)
15:05:11 INFO    app.workers.frame_worker | frame from camera 55858868-8e25-47b8-8b66-bd30660db156 -> 0 detected, 0 kept, 0 violation(s), 0 sighting(s), 0 incident(s)
15:05:14 INFO    app.workers.frame_worker | frame from camera 55858868-8e25-47b8-8b66-bd30660db156 -> 0 detected, 0 kept, 0 violation(s), 0 sighting(s), 0 incident(s)
15:05:16 INFO    app.workers.frame_worker | frame from camera 55858868-8e25-47b8-8b66-bd30660db156 -> 0 detected, 0 kept, 0 violation(s), 0 sighting(s), 0 incident(s)
15:05:17 INFO    app.workers.frame_worker | frame from camera 55858868-8e25-47b8-8b66-bd30660db156 -> 0 detected, 0 kept, 0 violation(s), 0 sighting(s), 0 incident(s)
15:05:18 INFO    app.workers.frame_worker | frame from camera 55858868-8e25-47b8-8b66-bd30660db156 -> 0 detected, 0 kept, 0 violation(s), 0 sighting(s), 0 incident(s)
15:05:19 INFO    app.workers.frame_worker | frame from camera 55858868-8e25-47b8-8b66-bd30660db156 -> 0 detected, 0 kept, 0 violation(s), 0 sighting(s), 0 incident(s)
15:05:21 INFO    app.workers.frame_worker | frame from camera 55858868-8e25-47b8-8b66-bd30660db156 -> 0 detected, 0 kept, 0 violation(s), 0 sighting(s), 0 incident(s)
15:05:22 INFO    app.workers.frame_worker | frame from camera 55858868-8e25-47b8-8b66-bd30660db156 -> 0 detected, 0 kept, 0 violation(s), 0 sighting(s), 0 incident(s)
15:05:23 INFO    app.workers.frame_worker | frame from camera 55858868-8e25-47b8-8b66-bd30660db156 -> 0 detected, 0 kept, 0 violation(s), 0 sighting(s), 0 incident(s)
15:05:24 INFO    app.workers.frame_worker | frame from camera 55858868-8e25-47b8-8b66-bd30660db156 -> 0 detected, 0 kept, 0 violation(s), 0 sighting(s), 0 incident(s)
15:05:25 INFO    app.workers.frame_worker | frame from camera 55858868-8e25-47b8-8b66-bd30660db156 -> 0 detected, 0 kept, 0 violation(s), 0 sighting(s), 0 incident(s)
15:05:27 INFO    app.workers.frame_worker | frame from camera 55858868-8e25-47b8-8b66-bd30660db156 -> 0 detected, 0 kept, 0 violation(s), 0 sighting(s), 0 incident(s)
15:05:28 INFO    app.workers.frame_worker | frame from camera 55858868-8e25-47b8-8b66-bd30660db156 -> 0 detected, 0 kept, 0 violation(s), 0 sighting(s), 0 incident(s)
15:05:29 INFO    app.workers.frame_worker | frame from camera 55858868-8e25-47b8-8b66-bd30660db156 -> 0 detected, 0 kept, 0 violation(s), 0 sighting(s), 0 incident(s)
15:05:38 INFO    app.workers.frame_worker | frame from camera 55858868-8e25-47b8-8b66-bd30660db156 -> 0 detected, 0 kept, 0 violation(s), 0 sighting(s), 0 incident(s)
15:05:39 INFO    app.workers.frame_worker | frame from camera 55858868-8e25-47b8-8b66-bd30660db156 -> 0 detected, 0 kept, 0 violation(s), 0 sighting(s), 0 incident(s)
15:05:41 INFO    app.workers.frame_worker | frame from camera 55858868-8e25-47b8-8b66-bd30660db156 -> 0 detected, 0 kept, 0 violation(s), 0 sighting(s), 0 incident(s)
15:05:42 INFO    app.workers.frame_worker | frame from camera 55858868-8e25-47b8-8b66-bd30660db156 -> 0 detected, 0 kept, 0 violation(s), 0 sighting(s), 0 incident(s)
15:05:43 INFO    app.workers.frame_worker | frame from camera 55858868-8e25-47b8-8b66-bd30660db156 -> 0 detected, 0 kept, 0 violation(s), 0 sighting(s), 0 incident(s)
15:05:44 INFO    app.workers.frame_worker | frame from camera 55858868-8e25-47b8-8b66-bd30660db156 -> 0 detected, 0 kept, 0 violation(s), 0 sighting(s), 0 incident(s)
15:05:45 INFO    app.workers.frame_worker | frame from camera 55858868-8e25-47b8-8b66-bd30660db156 -> 0 detected, 0 kept, 0 violation(s), 0 sighting(s), 0 incident(s)
15:05:46 INFO    app.workers.frame_worker | frame from camera 55858868-8e25-47b8-8b66-bd30660db156 -> 0 detected, 0 kept, 0 violation(s), 0 sighting(s), 0 incident(s)
15:05:48 INFO    app.workers.frame_worker | frame from camera 55858868-8e25-47b8-8b66-bd30660db156 -> 0 detected, 0 kept, 0 violation(s), 0 sighting(s), 0 incident(s)
15:05:50 INFO    app.workers.frame_worker | frame from camera 55858868-8e25-47b8-8b66-bd30660db156 -> 0 detected, 0 kept, 0 violation(s), 0 sighting(s), 0 incident(s)
15:05:52 INFO    app.workers.frame_worker | frame from camera 55858868-8e25-47b8-8b66-bd30660db156 -> 0 detected, 0 kept, 0 violation(s), 0 sighting(s), 0 incident(s)
15:05:53 INFO    app.workers.frame_worker | frame from camera 55858868-8e25-47b8-8b66-bd30660db156 -> 0 detected, 0 kept, 0 violation(s), 0 sighting(s), 0 incident(s)
15:05:54 INFO    app.workers.frame_worker | frame from camera 55858868-8e25-47b8-8b66-bd30660db156 -> 0 detected, 0 kept, 0 violation(s), 0 sighting(s), 0 incident(s)
15:05:56 INFO    app.workers.frame_worker | frame from camera 55858868-8e25-47b8-8b66-bd30660db156 -> 0 detected, 0 kept, 0 violation(s), 0 sighting(s), 0 incident(s)
15:05:58 INFO    app.workers.frame_worker | frame from camera 55858868-8e25-47b8-8b66-bd30660db156 -> 0 detected, 0 kept, 0 violation(s), 0 sighting(s), 0 incident(s)
15:06:00 INFO    app.workers.frame_worker | frame from camera 55858868-8e25-47b8-8b66-bd30660db156 -> 0 detected, 0 kept, 0 violation(s), 0 sighting(s), 0 incident(s)
15:06:02 INFO    app.workers.frame_worker | frame from camera 55858868-8e25-47b8-8b66-bd30660db156 -> 0 detected, 0 kept, 0 violation(s), 0 sighting(s), 0 incident(s)
15:06:03 INFO    app.workers.frame_worker | frame from camera 55858868-8e25-47b8-8b66-bd30660db156 -> 0 detected, 0 kept, 0 violation(s), 0 sighting(s), 0 incident(s)
15:06:05 INFO    app.workers.frame_worker | frame from camera 55858868-8e25-47b8-8b66-bd30660db156 -> 0 detected, 0 kept, 0 violation(s), 0 sighting(s), 0 incident(s)
15:06:06 INFO    app.workers.frame_worker | frame from camera 55858868-8e25-47b8-8b66-bd30660db156 -> 0 detected, 0 kept, 0 violation(s), 0 sighting(s), 0 incident(s)
15:06:08 INFO    app.workers.frame_worker | frame from camera 55858868-8e25-47b8-8b66-bd30660db156 -> 0 detected, 0 kept, 0 violation(s), 0 sighting(s), 0 incident(s)
15:06:10 INFO    app.workers.frame_worker | frame from camera 55858868-8e25-47b8-8b66-bd30660db156 -> 0 detected, 0 kept, 0 violation(s), 0 sighting(s), 0 incident(s)
15:06:11 INFO    app.workers.frame_worker | frame from camera 55858868-8e25-47b8-8b66-bd30660db156 -> 0 detected, 0 kept, 0 violation(s), 0 sighting(s), 0 incident(s)
15:06:12 INFO    app.workers.frame_worker | frame from camera 55858868-8e25-47b8-8b66-bd30660db156 -> 0 detected, 0 kept, 0 violation(s), 0 sighting(s), 0 incident(s)
15:06:14 INFO    app.workers.frame_worker | frame from camera 55858868-8e25-47b8-8b66-bd30660db156 -> 0 detected, 0 kept, 0 violation(s), 0 sighting(s), 0 incident(s)
15:06:15 INFO    app.workers.frame_worker | frame from camera 55858868-8e25-47b8-8b66-bd30660db156 -> 0 detected, 0 kept, 0 violation(s), 0 sighting(s), 0 incident(s)
15:06:16 INFO    app.workers.frame_worker | frame from camera 55858868-8e25-47b8-8b66-bd30660db156 -> 0 detected, 0 kept, 0 violation(s), 0 sighting(s), 0 incident(s)
15:06:24 INFO    app.core.events | ws client disconnected (6 left)
15:06:24 INFO    app.core.events | ws client connected (7 total)
15:06:24 INFO    app.core.events | ws client disconnected (6 left)
15:06:24 INFO    app.core.events | ws client connected (7 total)
15:06:25 INFO    app.core.events | ws client disconnected (6 left)
15:06:25 INFO    app.core.events | ws client connected (7 total)
15:08:39 INFO    app.workers.frame_worker | frame worker started (queue max 8)
15:08:39 INFO    app.core.events | ws client connected (1 total)
15:08:40 INFO    app.core.events | ws client connected (2 total)
15:08:41 INFO    app.core.events | ws client connected (3 total)
15:08:43 INFO    app.core.events | ws client connected (4 total)
15:08:43 INFO    app.core.events | ws client connected (5 total)
15:08:43 INFO    app.core.events | ws client connected (6 total)
15:08:43 INFO    app.core.events | ws client connected (7 total)
15:21:30 INFO    app.core.events | ws client disconnected (6 left)
15:21:30 INFO    app.core.events | ws client disconnected (5 left)
15:21:33 INFO    app.core.events | ws client disconnected (4 left)
15:21:33 INFO    app.core.events | ws client disconnected (3 left)
15:21:33 INFO    app.core.events | ws client connected (4 total)
15:21:33 INFO    app.api.routes.cameras | camera claimed: Camera 2 — Tipu Sultan Rd (55858868-8e25-47b8-8b66-bd30660db156)
15:21:33 INFO    app.core.events | ws client connected (5 total)
15:21:36 INFO    app.api.routes.cameras | camera Camera 2 — Tipu Sultan Rd moved to 25.003181, 67.043295 (accuracy None m)
15:22:08 INFO    app.api.routes.cameras | camera claimed: Camera 1 — Shahrah-e-Faisal (05ed7642-ff08-461f-b28f-2db08148c611)
15:22:08 INFO    app.core.events | ws client connected (6 total)
15:22:08 INFO    app.core.events | ws client connected (7 total)
15:22:09 INFO    app.api.routes.cameras | camera Camera 1 — Shahrah-e-Faisal moved to 25.010990, 67.040120 (accuracy None m)
15:22:12 INFO    app.services.ingest | no detections - saved a sample frame to logs/frames/102211_05ed7642_82135b.jpg (82135 bytes)
15:22:12 INFO    app.workers.frame_worker | frame from camera 05ed7642-ff08-461f-b28f-2db08148c611 -> 0 detected, 0 kept, 0 violation(s), 0 sighting(s), 0 incident(s)
15:22:14 INFO    app.workers.frame_worker | frame from camera 05ed7642-ff08-461f-b28f-2db08148c611 -> 0 detected, 0 kept, 0 violation(s), 0 sighting(s), 0 incident(s)
15:22:16 INFO    app.workers.frame_worker | frame from camera 05ed7642-ff08-461f-b28f-2db08148c611 -> 1 detected, 1 kept, 0 violation(s), 1 sighting(s), 0 incident(s)
15:22:17 INFO    app.workers.frame_worker | frame from camera 05ed7642-ff08-461f-b28f-2db08148c611 -> 0 detected, 0 kept, 0 violation(s), 0 sighting(s), 0 incident(s)
15:22:18 INFO    app.workers.frame_worker | frame from camera 05ed7642-ff08-461f-b28f-2db08148c611 -> 0 detected, 0 kept, 0 violation(s), 0 sighting(s), 0 incident(s)
15:22:19 INFO    app.workers.frame_worker | frame from camera 05ed7642-ff08-461f-b28f-2db08148c611 -> 0 detected, 0 kept, 0 violation(s), 0 sighting(s), 0 incident(s)
15:22:25 INFO    app.core.events | ws client disconnected (6 left)
15:22:25 INFO    app.core.events | ws client connected (7 total)
15:22:31 INFO    app.services.ingest | no detections - saved a sample frame to logs/frames/102229_05ed7642_70047b.jpg (70047 bytes)
15:22:31 INFO    app.workers.frame_worker | frame from camera 05ed7642-ff08-461f-b28f-2db08148c611 -> 0 detected, 0 kept, 0 violation(s), 0 sighting(s), 0 incident(s)
15:22:32 INFO    app.workers.frame_worker | frame from camera 05ed7642-ff08-461f-b28f-2db08148c611 -> 0 detected, 0 kept, 0 violation(s), 0 sighting(s), 0 incident(s)
15:22:33 INFO    app.workers.frame_worker | frame from camera 05ed7642-ff08-461f-b28f-2db08148c611 -> 0 detected, 0 kept, 0 violation(s), 0 sighting(s), 0 incident(s)
15:22:35 INFO    app.workers.frame_worker | frame from camera 05ed7642-ff08-461f-b28f-2db08148c611 -> 0 detected, 0 kept, 0 violation(s), 0 sighting(s), 0 incident(s)
15:22:36 INFO    app.workers.frame_worker | frame from camera 05ed7642-ff08-461f-b28f-2db08148c611 -> 0 detected, 0 kept, 0 violation(s), 0 sighting(s), 0 incident(s)
15:22:37 INFO    app.workers.frame_worker | frame from camera 05ed7642-ff08-461f-b28f-2db08148c611 -> 0 detected, 0 kept, 0 violation(s), 0 sighting(s), 0 incident(s)
15:22:38 INFO    app.workers.frame_worker | frame from camera 05ed7642-ff08-461f-b28f-2db08148c611 -> 0 detected, 0 kept, 0 violation(s), 0 sighting(s), 0 incident(s)
15:22:39 INFO    app.workers.frame_worker | frame from camera 05ed7642-ff08-461f-b28f-2db08148c611 -> 0 detected, 0 kept, 0 violation(s), 0 sighting(s), 0 incident(s)
15:22:40 INFO    app.workers.frame_worker | frame from camera 05ed7642-ff08-461f-b28f-2db08148c611 -> 0 detected, 0 kept, 0 violation(s), 0 sighting(s), 0 incident(s)
15:22:42 INFO    app.services.ingest | 1 of 1 detections were too small to identify (< 96 px tall) - dropped
15:22:42 INFO    app.workers.frame_worker | frame from camera 05ed7642-ff08-461f-b28f-2db08148c611 -> 1 detected, 0 kept, 0 violation(s), 0 sighting(s), 0 incident(s)
15:22:43 INFO    app.services.ingest | incident 7d1b7024-6ff5-47e2-b179-1bbaf7304528: no_helmet at camera 05ed7642-ff08-461f-b28f-2db08148c611, plate=UNREADABLE (fingerprint mode)
15:22:43 INFO    app.workers.frame_worker | frame from camera 05ed7642-ff08-461f-b28f-2db08148c611 -> 1 detected, 1 kept, 1 violation(s), 1 sighting(s), 1 incident(s)
15:22:44 INFO    app.workers.frame_worker | frame from camera 05ed7642-ff08-461f-b28f-2db08148c611 -> 0 detected, 0 kept, 0 violation(s), 0 sighting(s), 0 incident(s)
15:22:45 INFO    app.workers.frame_worker | frame from camera 05ed7642-ff08-461f-b28f-2db08148c611 -> 0 detected, 0 kept, 0 violation(s), 0 sighting(s), 0 incident(s)
15:22:46 INFO    app.services.ingest | no detections - saved a sample frame to logs/frames/102244_05ed7642_87795b.jpg (87795 bytes)
15:22:46 INFO    app.workers.frame_worker | frame from camera 05ed7642-ff08-461f-b28f-2db08148c611 -> 0 detected, 0 kept, 0 violation(s), 0 sighting(s), 0 incident(s)
15:22:47 INFO    app.services.ingest | 1 of 1 detections were too small to identify (< 96 px tall) - dropped
15:22:47 INFO    app.workers.frame_worker | frame from camera 05ed7642-ff08-461f-b28f-2db08148c611 -> 1 detected, 0 kept, 0 violation(s), 0 sighting(s), 0 incident(s)
15:22:48 INFO    app.services.ingest | 1 of 1 detections were too small to identify (< 96 px tall) - dropped
15:22:48 INFO    app.workers.frame_worker | frame from camera 05ed7642-ff08-461f-b28f-2db08148c611 -> 1 detected, 0 kept, 0 violation(s), 0 sighting(s), 0 incident(s)
15:22:50 INFO    app.workers.frame_worker | frame from camera 05ed7642-ff08-461f-b28f-2db08148c611 -> 1 detected, 1 kept, 0 violation(s), 1 sighting(s), 0 incident(s)
15:22:51 INFO    app.workers.frame_worker | frame from camera 05ed7642-ff08-461f-b28f-2db08148c611 -> 0 detected, 0 kept, 0 violation(s), 0 sighting(s), 0 incident(s)
15:22:52 INFO    app.services.ingest | 1 of 1 detections were too small to identify (< 96 px tall) - dropped
15:22:52 INFO    app.workers.frame_worker | frame from camera 05ed7642-ff08-461f-b28f-2db08148c611 -> 1 detected, 0 kept, 0 violation(s), 0 sighting(s), 0 incident(s)
15:22:53 INFO    app.services.ingest | 1 of 1 detections were too small to identify (< 96 px tall) - dropped
15:22:53 INFO    app.workers.frame_worker | frame from camera 05ed7642-ff08-461f-b28f-2db08148c611 -> 1 detected, 0 kept, 0 violation(s), 0 sighting(s), 0 incident(s)
15:22:54 INFO    app.services.ingest | 1 of 1 detections were too small to identify (< 96 px tall) - dropped
15:22:54 INFO    app.workers.frame_worker | frame from camera 05ed7642-ff08-461f-b28f-2db08148c611 -> 1 detected, 0 kept, 0 violation(s), 0 sighting(s), 0 incident(s)
15:22:56 INFO    app.services.ingest | no_helmet at camera 05ed7642-ff08-461f-b28f-2db08148c611 already open as incident 7d1b7024-6ff5-47e2-b179-1bbaf7304528 (12.7s ago) - not opening a second
15:22:56 INFO    app.workers.frame_worker | frame from camera 05ed7642-ff08-461f-b28f-2db08148c611 -> 1 detected, 1 kept, 1 violation(s), 1 sighting(s), 0 incident(s)
15:22:56 INFO    app.workers.frame_worker | frame from camera 05ed7642-ff08-461f-b28f-2db08148c611 -> 0 detected, 0 kept, 0 violation(s), 0 sighting(s), 0 incident(s)
15:23:16 WARNING app.api.routes.admin | DEMO RESET: 4 sightings and 4 crops deleted
15:23:16 INFO    app.core.events | ws client disconnected (6 left)
15:23:16 INFO    app.core.events | ws client disconnected (5 left)
15:23:16 INFO    app.core.events | ws client disconnected (4 left)
15:23:17 INFO    app.core.events | ws client connected (5 total)
15:23:17 INFO    app.core.events | ws client connected (6 total)
15:23:17 INFO    app.core.events | ws client connected (7 total)
15:23:34 INFO    app.services.ingest | no detections - saved a sample frame to logs/frames/102332_05ed7642_81306b.jpg (81306 bytes)
15:23:34 INFO    app.workers.frame_worker | frame from camera 05ed7642-ff08-461f-b28f-2db08148c611 -> 0 detected, 0 kept, 0 violation(s), 0 sighting(s), 0 incident(s)
15:23:35 INFO    app.workers.frame_worker | frame from camera 05ed7642-ff08-461f-b28f-2db08148c611 -> 1 detected, 1 kept, 0 violation(s), 1 sighting(s), 0 incident(s)
15:23:36 INFO    app.services.ingest | 1 of 1 detections were too small to identify (< 96 px tall) - dropped
15:23:36 INFO    app.workers.frame_worker | frame from camera 05ed7642-ff08-461f-b28f-2db08148c611 -> 1 detected, 0 kept, 0 violation(s), 0 sighting(s), 0 incident(s)
15:23:38 INFO    app.services.ingest | dedupe: 1 of 1 detections were repeats of a frame already stored
15:23:38 INFO    app.workers.frame_worker | frame from camera 05ed7642-ff08-461f-b28f-2db08148c611 -> 1 detected, 0 kept, 0 violation(s), 0 sighting(s), 0 incident(s)
15:23:39 INFO    app.services.ingest | dedupe: 1 of 1 detections were repeats of a frame already stored
15:23:39 INFO    app.workers.frame_worker | frame from camera 05ed7642-ff08-461f-b28f-2db08148c611 -> 1 detected, 0 kept, 0 violation(s), 0 sighting(s), 0 incident(s)
15:23:40 INFO    app.services.ingest | dedupe: 1 of 1 detections were repeats of a frame already stored
15:23:40 INFO    app.workers.frame_worker | frame from camera 05ed7642-ff08-461f-b28f-2db08148c611 -> 1 detected, 0 kept, 0 violation(s), 0 sighting(s), 0 incident(s)
15:23:41 INFO    app.workers.frame_worker | frame from camera 05ed7642-ff08-461f-b28f-2db08148c611 -> 0 detected, 0 kept, 0 violation(s), 0 sighting(s), 0 incident(s)
15:23:56 INFO    app.core.events | ws client disconnected (6 left)
15:23:56 INFO    app.core.events | ws client connected (7 total)
15:23:56 INFO    app.core.events | ws client disconnected (6 left)
15:23:56 INFO    app.core.events | ws client connected (7 total)
15:24:05 INFO    app.services.ingest | no detections - saved a sample frame to logs/frames/102404_05ed7642_64208b.jpg (64208 bytes)
15:24:05 INFO    app.workers.frame_worker | frame from camera 05ed7642-ff08-461f-b28f-2db08148c611 -> 0 detected, 0 kept, 0 violation(s), 0 sighting(s), 0 incident(s)
15:24:06 INFO    app.workers.frame_worker | frame from camera 05ed7642-ff08-461f-b28f-2db08148c611 -> 0 detected, 0 kept, 0 violation(s), 0 sighting(s), 0 incident(s)
15:24:07 INFO    app.workers.frame_worker | frame from camera 05ed7642-ff08-461f-b28f-2db08148c611 -> 0 detected, 0 kept, 0 violation(s), 0 sighting(s), 0 incident(s)
15:24:09 INFO    app.workers.frame_worker | frame from camera 05ed7642-ff08-461f-b28f-2db08148c611 -> 0 detected, 0 kept, 0 violation(s), 0 sighting(s), 0 incident(s)
15:24:10 INFO    app.workers.frame_worker | frame from camera 05ed7642-ff08-461f-b28f-2db08148c611 -> 0 detected, 0 kept, 0 violation(s), 0 sighting(s), 0 incident(s)
15:24:11 INFO    app.workers.frame_worker | frame from camera 05ed7642-ff08-461f-b28f-2db08148c611 -> 0 detected, 0 kept, 0 violation(s), 0 sighting(s), 0 incident(s)
15:24:29 INFO    app.services.ingest | no detections - saved a sample frame to logs/frames/102427_05ed7642_90135b.jpg (90135 bytes)
15:24:29 INFO    app.workers.frame_worker | frame from camera 05ed7642-ff08-461f-b28f-2db08148c611 -> 0 detected, 0 kept, 0 violation(s), 0 sighting(s), 0 incident(s)
15:24:30 INFO    app.workers.frame_worker | frame from camera 05ed7642-ff08-461f-b28f-2db08148c611 -> 1 detected, 1 kept, 0 violation(s), 1 sighting(s), 0 incident(s)
15:24:31 INFO    app.services.ingest | dedupe: 1 of 1 detections were repeats of a frame already stored
15:24:31 INFO    app.workers.frame_worker | frame from camera 05ed7642-ff08-461f-b28f-2db08148c611 -> 1 detected, 0 kept, 0 violation(s), 0 sighting(s), 0 incident(s)
15:24:32 INFO    app.workers.frame_worker | frame from camera 05ed7642-ff08-461f-b28f-2db08148c611 -> 0 detected, 0 kept, 0 violation(s), 0 sighting(s), 0 incident(s)
15:24:33 INFO    app.workers.frame_worker | frame from camera 05ed7642-ff08-461f-b28f-2db08148c611 -> 0 detected, 0 kept, 0 violation(s), 0 sighting(s), 0 incident(s)
15:24:35 INFO    app.workers.frame_worker | frame from camera 05ed7642-ff08-461f-b28f-2db08148c611 -> 0 detected, 0 kept, 0 violation(s), 0 sighting(s), 0 incident(s)
15:24:36 INFO    app.workers.frame_worker | frame from camera 05ed7642-ff08-461f-b28f-2db08148c611 -> 0 detected, 0 kept, 0 violation(s), 0 sighting(s), 0 incident(s)
15:24:50 INFO    app.services.ingest | no detections - saved a sample frame to logs/frames/102449_05ed7642_76897b.jpg (76897 bytes)
15:24:50 INFO    app.workers.frame_worker | frame from camera 05ed7642-ff08-461f-b28f-2db08148c611 -> 0 detected, 0 kept, 0 violation(s), 0 sighting(s), 0 incident(s)
15:24:51 INFO    app.workers.frame_worker | frame from camera 05ed7642-ff08-461f-b28f-2db08148c611 -> 0 detected, 0 kept, 0 violation(s), 0 sighting(s), 0 incident(s)
15:24:53 INFO    app.workers.frame_worker | frame from camera 05ed7642-ff08-461f-b28f-2db08148c611 -> 0 detected, 0 kept, 0 violation(s), 0 sighting(s), 0 incident(s)
15:24:54 INFO    app.workers.frame_worker | frame from camera 05ed7642-ff08-461f-b28f-2db08148c611 -> 0 detected, 0 kept, 0 violation(s), 0 sighting(s), 0 incident(s)
15:24:55 INFO    app.workers.frame_worker | frame from camera 05ed7642-ff08-461f-b28f-2db08148c611 -> 0 detected, 0 kept, 0 violation(s), 0 sighting(s), 0 incident(s)
15:24:56 INFO    app.workers.frame_worker | frame from camera 05ed7642-ff08-461f-b28f-2db08148c611 -> 0 detected, 0 kept, 0 violation(s), 0 sighting(s), 0 incident(s)
15:24:57 INFO    app.workers.frame_worker | frame from camera 05ed7642-ff08-461f-b28f-2db08148c611 -> 0 detected, 0 kept, 0 violation(s), 0 sighting(s), 0 incident(s)
15:24:58 INFO    app.workers.frame_worker | frame from camera 05ed7642-ff08-461f-b28f-2db08148c611 -> 0 detected, 0 kept, 0 violation(s), 0 sighting(s), 0 incident(s)
15:24:59 INFO    app.workers.frame_worker | frame from camera 05ed7642-ff08-461f-b28f-2db08148c611 -> 0 detected, 0 kept, 0 violation(s), 0 sighting(s), 0 incident(s)
15:25:01 INFO    app.workers.frame_worker | frame from camera 05ed7642-ff08-461f-b28f-2db08148c611 -> 0 detected, 0 kept, 0 violation(s), 0 sighting(s), 0 incident(s)
15:25:02 INFO    app.workers.frame_worker | frame from camera 05ed7642-ff08-461f-b28f-2db08148c611 -> 0 detected, 0 kept, 0 violation(s), 0 sighting(s), 0 incident(s)
15:25:04 INFO    app.workers.frame_worker | frame from camera 05ed7642-ff08-461f-b28f-2db08148c611 -> 0 detected, 0 kept, 0 violation(s), 0 sighting(s), 0 incident(s)
15:25:06 INFO    app.services.ingest | no detections - saved a sample frame to logs/frames/102504_05ed7642_115085b.jpg (115085 bytes)
15:25:06 INFO    app.workers.frame_worker | frame from camera 05ed7642-ff08-461f-b28f-2db08148c611 -> 0 detected, 0 kept, 0 violation(s), 0 sighting(s), 0 incident(s)
15:25:08 INFO    app.workers.frame_worker | frame from camera 05ed7642-ff08-461f-b28f-2db08148c611 -> 0 detected, 0 kept, 0 violation(s), 0 sighting(s), 0 incident(s)
15:25:11 INFO    app.workers.frame_worker | frame from camera 05ed7642-ff08-461f-b28f-2db08148c611 -> 1 detected, 1 kept, 0 violation(s), 1 sighting(s), 0 incident(s)
15:25:11 INFO    app.workers.frame_worker | frame from camera 05ed7642-ff08-461f-b28f-2db08148c611 -> 0 detected, 0 kept, 0 violation(s), 0 sighting(s), 0 incident(s)
15:25:13 INFO    app.workers.frame_worker | frame from camera 05ed7642-ff08-461f-b28f-2db08148c611 -> 0 detected, 0 kept, 0 violation(s), 0 sighting(s), 0 incident(s)
15:25:14 INFO    app.services.ingest | 1 of 1 detections were too small to identify (< 96 px tall) - dropped
15:25:14 INFO    app.workers.frame_worker | frame from camera 05ed7642-ff08-461f-b28f-2db08148c611 -> 1 detected, 0 kept, 0 violation(s), 0 sighting(s), 0 incident(s)
15:25:16 INFO    app.workers.frame_worker | frame from camera 05ed7642-ff08-461f-b28f-2db08148c611 -> 0 detected, 0 kept, 0 violation(s), 0 sighting(s), 0 incident(s)
15:25:18 INFO    app.workers.frame_worker | frame from camera 05ed7642-ff08-461f-b28f-2db08148c611 -> 0 detected, 0 kept, 0 violation(s), 0 sighting(s), 0 incident(s)
15:25:19 INFO    app.workers.frame_worker | frame from camera 05ed7642-ff08-461f-b28f-2db08148c611 -> 0 detected, 0 kept, 0 violation(s), 0 sighting(s), 0 incident(s)
15:25:20 INFO    app.workers.frame_worker | frame from camera 05ed7642-ff08-461f-b28f-2db08148c611 -> 0 detected, 0 kept, 0 violation(s), 0 sighting(s), 0 incident(s)
15:25:22 INFO    app.services.ingest | no detections - saved a sample frame to logs/frames/102520_05ed7642_115572b.jpg (115572 bytes)
15:25:22 INFO    app.workers.frame_worker | frame from camera 05ed7642-ff08-461f-b28f-2db08148c611 -> 0 detected, 0 kept, 0 violation(s), 0 sighting(s), 0 incident(s)
15:25:24 INFO    app.workers.frame_worker | frame from camera 05ed7642-ff08-461f-b28f-2db08148c611 -> 0 detected, 0 kept, 0 violation(s), 0 sighting(s), 0 incident(s)
15:25:26 INFO    app.workers.frame_worker | frame from camera 05ed7642-ff08-461f-b28f-2db08148c611 -> 0 detected, 0 kept, 0 violation(s), 0 sighting(s), 0 incident(s)
15:25:28 INFO    app.services.ingest | 1 of 1 detections were too small to identify (< 96 px tall) - dropped
15:25:28 INFO    app.workers.frame_worker | frame from camera 05ed7642-ff08-461f-b28f-2db08148c611 -> 1 detected, 0 kept, 0 violation(s), 0 sighting(s), 0 incident(s)
15:25:30 INFO    app.workers.frame_worker | frame from camera 05ed7642-ff08-461f-b28f-2db08148c611 -> 1 detected, 1 kept, 0 violation(s), 1 sighting(s), 0 incident(s)
15:25:32 INFO    app.workers.frame_worker | frame from camera 05ed7642-ff08-461f-b28f-2db08148c611 -> 0 detected, 0 kept, 0 violation(s), 0 sighting(s), 0 incident(s)
15:25:40 INFO    app.services.ingest | no detections - saved a sample frame to logs/frames/102538_05ed7642_85396b.jpg (85396 bytes)
15:25:40 INFO    app.workers.frame_worker | frame from camera 05ed7642-ff08-461f-b28f-2db08148c611 -> 0 detected, 0 kept, 0 violation(s), 0 sighting(s), 0 incident(s)
15:25:41 INFO    app.workers.frame_worker | frame from camera 05ed7642-ff08-461f-b28f-2db08148c611 -> 0 detected, 0 kept, 0 violation(s), 0 sighting(s), 0 incident(s)
15:25:42 INFO    app.workers.frame_worker | frame from camera 05ed7642-ff08-461f-b28f-2db08148c611 -> 0 detected, 0 kept, 0 violation(s), 0 sighting(s), 0 incident(s)
15:25:43 INFO    app.workers.frame_worker | frame from camera 05ed7642-ff08-461f-b28f-2db08148c611 -> 0 detected, 0 kept, 0 violation(s), 0 sighting(s), 0 incident(s)
15:25:44 INFO    app.workers.frame_worker | frame from camera 05ed7642-ff08-461f-b28f-2db08148c611 -> 0 detected, 0 kept, 0 violation(s), 0 sighting(s), 0 incident(s)
15:25:46 INFO    app.workers.frame_worker | frame from camera 05ed7642-ff08-461f-b28f-2db08148c611 -> 0 detected, 0 kept, 0 violation(s), 0 sighting(s), 0 incident(s)
15:25:47 INFO    app.workers.frame_worker | frame from camera 05ed7642-ff08-461f-b28f-2db08148c611 -> 0 detected, 0 kept, 0 violation(s), 0 sighting(s), 0 incident(s)
15:25:47 INFO    app.core.events | ws client disconnected (6 left)
15:25:47 INFO    app.core.events | ws client disconnected (5 left)
15:31:34 INFO    app.core.events | ws client disconnected (4 left)
15:31:34 INFO    app.core.events | ws client connected (5 total)
15:31:34 INFO    app.core.events | ws client disconnected (4 left)
15:31:34 INFO    app.core.events | ws client connected (5 total)
15:31:35 INFO    app.core.events | ws client disconnected (4 left)
15:31:35 INFO    app.core.events | ws client connected (5 total)
15:31:43 INFO    app.core.events | ws client disconnected (4 left)
15:31:43 INFO    app.core.events | ws client disconnected (3 left)
15:45:53 INFO    app.api.routes.cameras | camera claimed: Camera 1 — Shahrah-e-Faisal (05ed7642-ff08-461f-b28f-2db08148c611)
15:45:53 INFO    app.core.events | ws client connected (4 total)
15:45:53 INFO    app.core.events | ws client connected (5 total)
15:45:55 INFO    app.api.routes.cameras | camera Camera 1 — Shahrah-e-Faisal moved to 25.010990, 67.040120 (accuracy None m)
15:45:57 INFO    app.services.ingest | no detections - saved a sample frame to logs/frames/104555_05ed7642_44180b.jpg (44180 bytes)
15:45:57 INFO    app.workers.frame_worker | frame from camera 05ed7642-ff08-461f-b28f-2db08148c611 -> 0 detected, 0 kept, 0 violation(s), 0 sighting(s), 0 incident(s)
15:45:59 INFO    app.workers.frame_worker | frame from camera 05ed7642-ff08-461f-b28f-2db08148c611 -> 0 detected, 0 kept, 0 violation(s), 0 sighting(s), 0 incident(s)
15:46:00 INFO    app.workers.frame_worker | frame from camera 05ed7642-ff08-461f-b28f-2db08148c611 -> 0 detected, 0 kept, 0 violation(s), 0 sighting(s), 0 incident(s)
15:46:01 INFO    app.workers.frame_worker | frame from camera 05ed7642-ff08-461f-b28f-2db08148c611 -> 0 detected, 0 kept, 0 violation(s), 0 sighting(s), 0 incident(s)
15:46:03 INFO    app.services.ingest | 1 of 2 detections were too small to identify (< 96 px tall) - dropped
15:46:03 INFO    app.services.ingest | dedupe: 1 of 2 detections were repeats of a frame already stored
15:46:03 INFO    app.workers.frame_worker | frame from camera 05ed7642-ff08-461f-b28f-2db08148c611 -> 2 detected, 1 kept, 0 violation(s), 1 sighting(s), 0 incident(s)
15:46:03 INFO    app.workers.frame_worker | frame from camera 05ed7642-ff08-461f-b28f-2db08148c611 -> 0 detected, 0 kept, 0 violation(s), 0 sighting(s), 0 incident(s)
15:46:05 INFO    app.workers.frame_worker | frame from camera 05ed7642-ff08-461f-b28f-2db08148c611 -> 0 detected, 0 kept, 0 violation(s), 0 sighting(s), 0 incident(s)
15:46:12 INFO    app.core.events | ws client disconnected (4 left)
15:46:12 INFO    app.core.events | ws client connected (5 total)
15:46:23 INFO    app.services.ingest | no detections - saved a sample frame to logs/frames/104621_05ed7642_82799b.jpg (82799 bytes)
15:46:23 INFO    app.workers.frame_worker | frame from camera 05ed7642-ff08-461f-b28f-2db08148c611 -> 0 detected, 0 kept, 0 violation(s), 0 sighting(s), 0 incident(s)
15:46:24 INFO    app.workers.frame_worker | frame from camera 05ed7642-ff08-461f-b28f-2db08148c611 -> 1 detected, 1 kept, 0 violation(s), 1 sighting(s), 0 incident(s)
15:46:25 INFO    app.workers.frame_worker | frame from camera 05ed7642-ff08-461f-b28f-2db08148c611 -> 0 detected, 0 kept, 0 violation(s), 0 sighting(s), 0 incident(s)
15:46:26 INFO    app.services.ingest | dedupe: 1 of 1 detections were repeats of a frame already stored
15:46:26 INFO    app.workers.frame_worker | frame from camera 05ed7642-ff08-461f-b28f-2db08148c611 -> 1 detected, 0 kept, 0 violation(s), 0 sighting(s), 0 incident(s)
15:46:28 INFO    app.services.ingest | dedupe: 1 of 1 detections were repeats of a frame already stored
15:46:28 INFO    app.workers.frame_worker | frame from camera 05ed7642-ff08-461f-b28f-2db08148c611 -> 1 detected, 0 kept, 0 violation(s), 0 sighting(s), 0 incident(s)
15:46:28 INFO    app.workers.frame_worker | frame from camera 05ed7642-ff08-461f-b28f-2db08148c611 -> 0 detected, 0 kept, 0 violation(s), 0 sighting(s), 0 incident(s)
15:46:30 INFO    app.workers.frame_worker | frame from camera 05ed7642-ff08-461f-b28f-2db08148c611 -> 0 detected, 0 kept, 0 violation(s), 0 sighting(s), 0 incident(s)
15:46:31 INFO    app.workers.frame_worker | frame from camera 05ed7642-ff08-461f-b28f-2db08148c611 -> 0 detected, 0 kept, 0 violation(s), 0 sighting(s), 0 incident(s)
15:46:45 INFO    app.services.ingest | no detections - saved a sample frame to logs/frames/104644_05ed7642_78135b.jpg (78135 bytes)
15:46:45 INFO    app.workers.frame_worker | frame from camera 05ed7642-ff08-461f-b28f-2db08148c611 -> 0 detected, 0 kept, 0 violation(s), 0 sighting(s), 0 incident(s)
15:46:47 INFO    app.workers.frame_worker | frame from camera 05ed7642-ff08-461f-b28f-2db08148c611 -> 0 detected, 0 kept, 0 violation(s), 0 sighting(s), 0 incident(s)
15:46:48 INFO    app.workers.frame_worker | frame from camera 05ed7642-ff08-461f-b28f-2db08148c611 -> 0 detected, 0 kept, 0 violation(s), 0 sighting(s), 0 incident(s)
15:46:49 INFO    app.workers.frame_worker | frame from camera 05ed7642-ff08-461f-b28f-2db08148c611 -> 0 detected, 0 kept, 0 violation(s), 0 sighting(s), 0 incident(s)
15:46:50 INFO    app.workers.frame_worker | frame from camera 05ed7642-ff08-461f-b28f-2db08148c611 -> 0 detected, 0 kept, 0 violation(s), 0 sighting(s), 0 incident(s)
15:46:52 INFO    app.workers.frame_worker | frame from camera 05ed7642-ff08-461f-b28f-2db08148c611 -> 0 detected, 0 kept, 0 violation(s), 0 sighting(s), 0 incident(s)
15:46:53 INFO    app.workers.frame_worker | frame from camera 05ed7642-ff08-461f-b28f-2db08148c611 -> 0 detected, 0 kept, 0 violation(s), 0 sighting(s), 0 incident(s)
15:46:55 INFO    app.workers.frame_worker | frame from camera 05ed7642-ff08-461f-b28f-2db08148c611 -> 0 detected, 0 kept, 0 violation(s), 0 sighting(s), 0 incident(s)
15:46:56 INFO    app.workers.frame_worker | frame from camera 05ed7642-ff08-461f-b28f-2db08148c611 -> 0 detected, 0 kept, 0 violation(s), 0 sighting(s), 0 incident(s)
15:46:57 INFO    app.services.ingest | incident 5bf9ccfe-5b9c-436b-8086-868c594e72d6: no_helmet at camera 05ed7642-ff08-461f-b28f-2db08148c611, plate=UNREADABLE (fingerprint mode)
15:46:57 INFO    app.workers.frame_worker | frame from camera 05ed7642-ff08-461f-b28f-2db08148c611 -> 1 detected, 1 kept, 1 violation(s), 1 sighting(s), 1 incident(s)
15:46:58 INFO    app.workers.frame_worker | frame from camera 05ed7642-ff08-461f-b28f-2db08148c611 -> 0 detected, 0 kept, 0 violation(s), 0 sighting(s), 0 incident(s)
15:46:59 INFO    app.workers.frame_worker | frame from camera 05ed7642-ff08-461f-b28f-2db08148c611 -> 0 detected, 0 kept, 0 violation(s), 0 sighting(s), 0 incident(s)
15:47:00 INFO    app.workers.frame_worker | frame from camera 05ed7642-ff08-461f-b28f-2db08148c611 -> 0 detected, 0 kept, 0 violation(s), 0 sighting(s), 0 incident(s)
15:47:02 INFO    app.services.ingest | no detections - saved a sample frame to logs/frames/104700_05ed7642_92120b.jpg (92120 bytes)
15:47:02 INFO    app.workers.frame_worker | frame from camera 05ed7642-ff08-461f-b28f-2db08148c611 -> 0 detected, 0 kept, 0 violation(s), 0 sighting(s), 0 incident(s)
15:47:04 INFO    app.workers.frame_worker | frame from camera 05ed7642-ff08-461f-b28f-2db08148c611 -> 0 detected, 0 kept, 0 violation(s), 0 sighting(s), 0 incident(s)
15:47:05 INFO    app.workers.frame_worker | frame from camera 05ed7642-ff08-461f-b28f-2db08148c611 -> 0 detected, 0 kept, 0 violation(s), 0 sighting(s), 0 incident(s)
15:47:06 INFO    app.workers.frame_worker | frame from camera 05ed7642-ff08-461f-b28f-2db08148c611 -> 0 detected, 0 kept, 0 violation(s), 0 sighting(s), 0 incident(s)
15:47:07 INFO    app.services.ingest | 1 of 1 detections were too small to identify (< 96 px tall) - dropped
15:47:07 INFO    app.workers.frame_worker | frame from camera 05ed7642-ff08-461f-b28f-2db08148c611 -> 1 detected, 0 kept, 0 violation(s), 0 sighting(s), 0 incident(s)
15:47:09 INFO    app.workers.frame_worker | frame from camera 05ed7642-ff08-461f-b28f-2db08148c611 -> 0 detected, 0 kept, 0 violation(s), 0 sighting(s), 0 incident(s)
15:47:11 INFO    app.workers.frame_worker | frame from camera 05ed7642-ff08-461f-b28f-2db08148c611 -> 1 detected, 1 kept, 0 violation(s), 1 sighting(s), 0 incident(s)
15:47:12 INFO    app.workers.frame_worker | frame from camera 05ed7642-ff08-461f-b28f-2db08148c611 -> 0 detected, 0 kept, 0 violation(s), 0 sighting(s), 0 incident(s)
15:47:13 INFO    app.workers.frame_worker | frame from camera 05ed7642-ff08-461f-b28f-2db08148c611 -> 0 detected, 0 kept, 0 violation(s), 0 sighting(s), 0 incident(s)
15:47:14 INFO    app.workers.frame_worker | frame from camera 05ed7642-ff08-461f-b28f-2db08148c611 -> 0 detected, 0 kept, 0 violation(s), 0 sighting(s), 0 incident(s)
15:47:15 INFO    app.workers.frame_worker | frame from camera 05ed7642-ff08-461f-b28f-2db08148c611 -> 0 detected, 0 kept, 0 violation(s), 0 sighting(s), 0 incident(s)
15:47:16 INFO    app.workers.frame_worker | frame from camera 05ed7642-ff08-461f-b28f-2db08148c611 -> 0 detected, 0 kept, 0 violation(s), 0 sighting(s), 0 incident(s)
15:47:18 INFO    app.services.ingest | no_helmet at camera 05ed7642-ff08-461f-b28f-2db08148c611 already open as incident 5bf9ccfe-5b9c-436b-8086-868c594e72d6 (20.7s ago) - not opening a second
15:47:18 INFO    app.workers.frame_worker | frame from camera 05ed7642-ff08-461f-b28f-2db08148c611 -> 1 detected, 1 kept, 1 violation(s), 1 sighting(s), 0 incident(s)
15:47:20 INFO    app.services.ingest | no detections - saved a sample frame to logs/frames/104718_05ed7642_100124b.jpg (100124 bytes)
15:47:20 INFO    app.workers.frame_worker | frame from camera 05ed7642-ff08-461f-b28f-2db08148c611 -> 0 detected, 0 kept, 0 violation(s), 0 sighting(s), 0 incident(s)
15:47:21 INFO    app.workers.frame_worker | frame from camera 05ed7642-ff08-461f-b28f-2db08148c611 -> 0 detected, 0 kept, 0 violation(s), 0 sighting(s), 0 incident(s)
15:47:22 INFO    app.workers.frame_worker | frame from camera 05ed7642-ff08-461f-b28f-2db08148c611 -> 0 detected, 0 kept, 0 violation(s), 0 sighting(s), 0 incident(s)
15:47:23 INFO    app.workers.frame_worker | frame from camera 05ed7642-ff08-461f-b28f-2db08148c611 -> 0 detected, 0 kept, 0 violation(s), 0 sighting(s), 0 incident(s)
15:47:25 INFO    app.services.ingest | no_helmet at camera 05ed7642-ff08-461f-b28f-2db08148c611 already open as incident 5bf9ccfe-5b9c-436b-8086-868c594e72d6 (27.4s ago) - not opening a second
15:47:25 INFO    app.workers.frame_worker | frame from camera 05ed7642-ff08-461f-b28f-2db08148c611 -> 1 detected, 1 kept, 1 violation(s), 1 sighting(s), 0 incident(s)
15:47:26 INFO    app.services.ingest | dedupe: 1 of 1 detections were repeats of a frame already stored
15:47:26 INFO    app.workers.frame_worker | frame from camera 05ed7642-ff08-461f-b28f-2db08148c611 -> 1 detected, 0 kept, 0 violation(s), 0 sighting(s), 0 incident(s)
15:47:27 INFO    app.workers.frame_worker | frame from camera 05ed7642-ff08-461f-b28f-2db08148c611 -> 0 detected, 0 kept, 0 violation(s), 0 sighting(s), 0 incident(s)
15:47:28 INFO    app.workers.frame_worker | frame from camera 05ed7642-ff08-461f-b28f-2db08148c611 -> 0 detected, 0 kept, 0 violation(s), 0 sighting(s), 0 incident(s)
15:47:45 INFO    app.core.events | ws client connected (6 total)
15:47:46 INFO    app.core.events | ws client connected (7 total)
15:48:03 INFO    app.services.ingest | no detections - saved a sample frame to logs/frames/104803_55858868_56717b.jpg (56717 bytes)
15:48:03 INFO    app.workers.frame_worker | frame from camera 55858868-8e25-47b8-8b66-bd30660db156 -> 0 detected, 0 kept, 0 violation(s), 0 sighting(s), 0 incident(s)
15:48:05 INFO    app.workers.frame_worker | frame from camera 55858868-8e25-47b8-8b66-bd30660db156 -> 0 detected, 0 kept, 0 violation(s), 0 sighting(s), 0 incident(s)
15:48:07 INFO    app.services.watchlist | WATCHLIST HIT: incident 5bf9ccfe-5b9c-436b-8086-868c594e72d6 reappeared at Camera 2 — Tipu Sultan Rd, score 0.930
15:48:07 INFO    app.services.ingest | incident 90ddc56c-2030-449c-8b58-04da91aa7787: no_helmet at camera 55858868-8e25-47b8-8b66-bd30660db156, plate=UNREADABLE (fingerprint mode)
15:48:07 INFO    app.services.ingest | incident 90ddc56c-2030-449c-8b58-04da91aa7787: 10 candidates, best 0.943
15:48:07 INFO    app.workers.frame_worker | frame from camera 55858868-8e25-47b8-8b66-bd30660db156 -> 1 detected, 1 kept, 1 violation(s), 1 sighting(s), 1 incident(s)
15:48:07 INFO    app.workers.frame_worker | frame from camera 55858868-8e25-47b8-8b66-bd30660db156 -> 0 detected, 0 kept, 0 violation(s), 0 sighting(s), 0 incident(s)
15:48:09 INFO    app.services.ingest | dedupe: 1 of 1 detections were repeats of a frame already stored
15:48:09 INFO    app.workers.frame_worker | frame from camera 55858868-8e25-47b8-8b66-bd30660db156 -> 1 detected, 0 kept, 0 violation(s), 0 sighting(s), 0 incident(s)
15:48:10 INFO    app.services.ingest | dedupe: 1 of 1 detections were repeats of a frame already stored
15:48:10 INFO    app.workers.frame_worker | frame from camera 55858868-8e25-47b8-8b66-bd30660db156 -> 1 detected, 0 kept, 0 violation(s), 0 sighting(s), 0 incident(s)
15:48:11 INFO    app.workers.frame_worker | frame from camera 55858868-8e25-47b8-8b66-bd30660db156 -> 0 detected, 0 kept, 0 violation(s), 0 sighting(s), 0 incident(s)
15:48:21 INFO    app.services.ingest | no detections - saved a sample frame to logs/frames/104821_55858868_47745b.jpg (47745 bytes)
15:48:21 INFO    app.workers.frame_worker | frame from camera 55858868-8e25-47b8-8b66-bd30660db156 -> 0 detected, 0 kept, 0 violation(s), 0 sighting(s), 0 incident(s)
15:48:23 INFO    app.workers.frame_worker | frame from camera 55858868-8e25-47b8-8b66-bd30660db156 -> 0 detected, 0 kept, 0 violation(s), 0 sighting(s), 0 incident(s)
15:48:24 INFO    app.workers.frame_worker | frame from camera 55858868-8e25-47b8-8b66-bd30660db156 -> 0 detected, 0 kept, 0 violation(s), 0 sighting(s), 0 incident(s)
15:48:25 INFO    app.workers.frame_worker | frame from camera 55858868-8e25-47b8-8b66-bd30660db156 -> 0 detected, 0 kept, 0 violation(s), 0 sighting(s), 0 incident(s)
15:48:26 INFO    app.workers.frame_worker | frame from camera 55858868-8e25-47b8-8b66-bd30660db156 -> 0 detected, 0 kept, 0 violation(s), 0 sighting(s), 0 incident(s)
15:48:27 INFO    app.services.ingest | 1 of 1 detections were too small to identify (< 96 px tall) - dropped
15:48:27 INFO    app.workers.frame_worker | frame from camera 55858868-8e25-47b8-8b66-bd30660db156 -> 1 detected, 0 kept, 0 violation(s), 0 sighting(s), 0 incident(s)
15:48:29 INFO    app.services.watchlist | WATCHLIST HIT: incident 5bf9ccfe-5b9c-436b-8086-868c594e72d6 reappeared at Camera 2 — Tipu Sultan Rd, score 0.951
15:48:29 INFO    app.workers.frame_worker | frame from camera 55858868-8e25-47b8-8b66-bd30660db156 -> 1 detected, 1 kept, 0 violation(s), 1 sighting(s), 0 incident(s)
15:48:30 INFO    app.services.ingest | dedupe: 1 of 1 detections were repeats of a frame already stored
15:48:30 INFO    app.workers.frame_worker | frame from camera 55858868-8e25-47b8-8b66-bd30660db156 -> 1 detected, 0 kept, 0 violation(s), 0 sighting(s), 0 incident(s)
15:48:31 INFO    app.workers.frame_worker | frame from camera 55858868-8e25-47b8-8b66-bd30660db156 -> 0 detected, 0 kept, 0 violation(s), 0 sighting(s), 0 incident(s)
15:48:33 INFO    app.workers.frame_worker | frame from camera 55858868-8e25-47b8-8b66-bd30660db156 -> 0 detected, 0 kept, 0 violation(s), 0 sighting(s), 0 incident(s)
15:48:34 INFO    app.workers.frame_worker | frame from camera 55858868-8e25-47b8-8b66-bd30660db156 -> 0 detected, 0 kept, 0 violation(s), 0 sighting(s), 0 incident(s)
15:48:35 INFO    app.workers.frame_worker | frame from camera 55858868-8e25-47b8-8b66-bd30660db156 -> 0 detected, 0 kept, 0 violation(s), 0 sighting(s), 0 incident(s)
15:48:37 INFO    app.services.ingest | no detections - saved a sample frame to logs/frames/104837_55858868_66026b.jpg (66026 bytes)
15:48:37 INFO    app.workers.frame_worker | frame from camera 55858868-8e25-47b8-8b66-bd30660db156 -> 0 detected, 0 kept, 0 violation(s), 0 sighting(s), 0 incident(s)
15:48:39 INFO    app.services.ingest | 1 of 1 detections were too small to identify (< 96 px tall) - dropped
15:48:39 INFO    app.workers.frame_worker | frame from camera 55858868-8e25-47b8-8b66-bd30660db156 -> 1 detected, 0 kept, 0 violation(s), 0 sighting(s), 0 incident(s)
15:48:41 INFO    app.workers.frame_worker | frame from camera 55858868-8e25-47b8-8b66-bd30660db156 -> 0 detected, 0 kept, 0 violation(s), 0 sighting(s), 0 incident(s)
15:48:43 INFO    app.workers.frame_worker | frame from camera 55858868-8e25-47b8-8b66-bd30660db156 -> 0 detected, 0 kept, 0 violation(s), 0 sighting(s), 0 incident(s)
15:48:45 INFO    app.workers.frame_worker | frame from camera 55858868-8e25-47b8-8b66-bd30660db156 -> 0 detected, 0 kept, 0 violation(s), 0 sighting(s), 0 incident(s)
15:48:47 INFO    app.services.watchlist | WATCHLIST HIT: incident 5bf9ccfe-5b9c-436b-8086-868c594e72d6 reappeared at Camera 2 — Tipu Sultan Rd, score 0.894
15:48:47 INFO    app.workers.frame_worker | frame from camera 55858868-8e25-47b8-8b66-bd30660db156 -> 1 detected, 1 kept, 0 violation(s), 1 sighting(s), 0 incident(s)
15:48:48 INFO    app.workers.frame_worker | frame from camera 55858868-8e25-47b8-8b66-bd30660db156 -> 0 detected, 0 kept, 0 violation(s), 0 sighting(s), 0 incident(s)
15:48:49 INFO    app.services.ingest | dedupe: 1 of 1 detections were repeats of a frame already stored
15:48:49 INFO    app.workers.frame_worker | frame from camera 55858868-8e25-47b8-8b66-bd30660db156 -> 1 detected, 0 kept, 0 violation(s), 0 sighting(s), 0 incident(s)
15:48:51 INFO    app.workers.frame_worker | frame from camera 55858868-8e25-47b8-8b66-bd30660db156 -> 0 detected, 0 kept, 0 violation(s), 0 sighting(s), 0 incident(s)
15:48:53 INFO    app.services.ingest | no detections - saved a sample frame to logs/frames/104853_55858868_84871b.jpg (84871 bytes)
15:48:53 INFO    app.workers.frame_worker | frame from camera 55858868-8e25-47b8-8b66-bd30660db156 -> 0 detected, 0 kept, 0 violation(s), 0 sighting(s), 0 incident(s)
15:48:54 INFO    app.workers.frame_worker | frame from camera 55858868-8e25-47b8-8b66-bd30660db156 -> 0 detected, 0 kept, 0 violation(s), 0 sighting(s), 0 incident(s)
15:48:56 INFO    app.workers.frame_worker | frame from camera 55858868-8e25-47b8-8b66-bd30660db156 -> 0 detected, 0 kept, 0 violation(s), 0 sighting(s), 0 incident(s)
15:48:57 INFO    app.services.watchlist | WATCHLIST HIT: incident 5bf9ccfe-5b9c-436b-8086-868c594e72d6 reappeared at Camera 2 — Tipu Sultan Rd, score 0.804
15:48:57 INFO    app.services.ingest | incident b5c4287c-9b6d-43e3-a019-e057ff75fbbf: no_helmet at camera 55858868-8e25-47b8-8b66-bd30660db156, plate=UNREADABLE (fingerprint mode)
15:48:57 INFO    app.services.ingest | incident b5c4287c-9b6d-43e3-a019-e057ff75fbbf: 10 candidates, best 0.898
15:48:57 INFO    app.workers.frame_worker | frame from camera 55858868-8e25-47b8-8b66-bd30660db156 -> 1 detected, 1 kept, 1 violation(s), 1 sighting(s), 1 incident(s)
15:48:58 INFO    app.workers.frame_worker | frame from camera 55858868-8e25-47b8-8b66-bd30660db156 -> 0 detected, 0 kept, 0 violation(s), 0 sighting(s), 0 incident(s)
15:48:59 INFO    app.workers.frame_worker | frame from camera 55858868-8e25-47b8-8b66-bd30660db156 -> 0 detected, 0 kept, 0 violation(s), 0 sighting(s), 0 incident(s)
15:49:01 INFO    app.workers.frame_worker | frame from camera 55858868-8e25-47b8-8b66-bd30660db156 -> 0 detected, 0 kept, 0 violation(s), 0 sighting(s), 0 incident(s)
15:49:02 INFO    app.workers.frame_worker | frame from camera 55858868-8e25-47b8-8b66-bd30660db156 -> 0 detected, 0 kept, 0 violation(s), 0 sighting(s), 0 incident(s)
15:49:03 INFO    app.workers.frame_worker | frame from camera 55858868-8e25-47b8-8b66-bd30660db156 -> 0 detected, 0 kept, 0 violation(s), 0 sighting(s), 0 incident(s)
15:49:04 INFO    app.workers.frame_worker | frame from camera 55858868-8e25-47b8-8b66-bd30660db156 -> 0 detected, 0 kept, 0 violation(s), 0 sighting(s), 0 incident(s)
15:49:23 INFO    app.core.events | ws client disconnected (6 left)
15:49:23 INFO    app.core.events | ws client connected (7 total)
15:49:25 INFO    app.core.events | ws client disconnected (6 left)
15:49:43 INFO    app.core.events | ws client connected (7 total)
15:49:44 INFO    app.core.events | ws client disconnected (6 left)
15:49:52 INFO    app.core.events | ws client disconnected (5 left)
15:49:52 INFO    app.core.events | ws client disconnected (4 left)
15:59:08 INFO    app.api.routes.matches | match 5d7b49fb-f27f-4880-8310-af504675e002 confirmed
15:59:09 INFO    app.api.routes.matches | match ff6433cb-f4ae-4fec-853e-5224e13bb4b6 rejected
15:59:10 INFO    app.api.routes.matches | match f236107b-c2dd-4570-a134-5ac97abc98de rejected
15:59:11 INFO    app.api.routes.matches | match 7b47adce-dfe1-4bdd-84ed-0d5d21539c84 confirmed
15:59:13 INFO    app.api.routes.matches | match d02c0c79-6978-4a64-9dc5-dc20be384f69 rejected
15:59:14 INFO    app.api.routes.matches | match 288a6e41-e3c4-4058-a857-d0f011502fd8 rejected
15:59:15 INFO    app.api.routes.matches | match c6f3d118-d9c3-43ce-bfa7-6d13a9c5bf88 rejected
15:59:16 INFO    app.api.routes.matches | match e4889753-54cd-4066-8ef6-aa9d30f4f434 rejected
15:59:17 INFO    app.api.routes.matches | match 34fe1a82-6610-4453-b304-af5f9c4a614e rejected
15:59:17 INFO    app.api.routes.matches | match 813ed031-9ae7-49cc-a8ac-68b9ae2aea72 rejected
15:59:19 INFO    app.core.events | ws client connected (5 total)
15:59:20 INFO    app.core.events | ws client disconnected (4 left)
15:59:22 INFO    app.api.routes.matches | match e10665dc-bac9-446c-a842-05e23903284a confirmed
15:59:23 INFO    app.api.routes.matches | match 6029871f-269d-4437-a9eb-8d0d54902980 rejected
15:59:24 INFO    app.api.routes.matches | match 70386243-3846-4496-8f4d-89c3535c8660 confirmed
15:59:25 INFO    app.api.routes.matches | match 3e00a665-8cff-446d-9acd-febd074d064b confirmed
15:59:26 INFO    app.api.routes.matches | match fca266a0-cfb3-4474-82f5-e1cdc680b160 rejected
15:59:27 INFO    app.api.routes.matches | match 2fec6b58-5834-40ef-ad7b-2f7bc0c0a87f rejected
15:59:28 INFO    app.api.routes.matches | match 79922bbf-07f8-4c36-9dfa-d58e82962e6e confirmed
15:59:30 INFO    app.api.routes.matches | match 108214fe-f6c3-4d12-b7be-198b3e24df07 rejected
15:59:31 INFO    app.api.routes.matches | match 725af9af-45fb-45b6-a8a9-a10b9a2f1cf8 rejected
15:59:32 INFO    app.api.routes.matches | match ab29dc50-fb72-4178-927b-d010f6eae4f4 rejected
15:59:34 INFO    app.core.events | ws client connected (5 total)
15:59:35 INFO    app.core.events | ws client disconnected (4 left)
15:59:35 INFO    app.core.events | ws client connected (5 total)
15:59:36 INFO    app.core.events | ws client disconnected (4 left)
15:59:38 INFO    app.api.routes.matches | match 269c3b1a-b514-43f6-a97e-e238840d2032 confirmed
15:59:39 INFO    app.api.routes.matches | match 7ba519e3-6b85-4b07-95f7-e566f4b9ad39 rejected
15:59:40 INFO    app.api.routes.matches | match 29941904-76be-472a-921d-5d44f39b3c9c rejected
15:59:41 INFO    app.api.routes.matches | match cb369dde-ff6c-4b7c-84e6-ba1e295e1726 rejected
15:59:43 INFO    app.core.events | ws client connected (5 total)
15:59:46 INFO    app.core.events | ws client disconnected (4 left)
15:59:47 INFO    app.core.events | ws client connected (5 total)
15:59:51 INFO    app.core.events | ws client disconnected (4 left)
15:59:51 INFO    app.core.events | ws client connected (5 total)
15:59:51 INFO    app.core.events | ws client disconnected (4 left)
15:59:51 INFO    app.core.events | ws client connected (5 total)
15:59:53 INFO    app.core.events | ws client disconnected (4 left)
15:59:53 INFO    app.core.events | ws client connected (5 total)
15:59:55 INFO    app.core.events | ws client disconnected (4 left)
15:59:55 INFO    app.core.events | ws client connected (5 total)
15:59:58 INFO    app.core.events | ws client disconnected (4 left)
15:59:58 INFO    app.core.events | ws client connected (5 total)
15:59:59 INFO    app.core.events | ws client disconnected (4 left)
15:59:59 INFO    app.core.events | ws client connected (5 total)
16:00:00 INFO    app.core.events | ws client disconnected (4 left)
16:00:00 INFO    app.core.events | ws client connected (5 total)
16:00:00 INFO    app.core.events | ws client disconnected (4 left)
16:00:00 INFO    app.core.events | ws client connected (5 total)
16:00:01 INFO    app.core.events | ws client disconnected (4 left)
16:00:01 INFO    app.core.events | ws client connected (5 total)
16:04:05 INFO    app.core.events | ws client disconnected (4 left)
16:04:05 INFO    app.core.events | ws client disconnected (3 left)
16:04:06 INFO    app.core.events | ws client connected (4 total)
16:04:06 INFO    app.api.routes.cameras | camera claimed: Camera 2 — Tipu Sultan Rd (55858868-8e25-47b8-8b66-bd30660db156)
16:04:06 INFO    app.core.events | ws client connected (5 total)
16:04:07 INFO    app.api.routes.cameras | camera Camera 2 — Tipu Sultan Rd moved to 25.003181, 67.043295 (accuracy None m)
16:04:14 INFO    app.core.events | ws client connected (6 total)
16:04:14 INFO    app.api.routes.cameras | camera claimed: Camera 1 — Shahrah-e-Faisal (05ed7642-ff08-461f-b28f-2db08148c611)
16:04:14 INFO    app.core.events | ws client connected (7 total)
16:04:18 INFO    app.api.routes.cameras | camera Camera 1 — Shahrah-e-Faisal moved to 25.010990, 67.040120 (accuracy None m)
16:07:16 INFO    app.workers.frame_worker | frame worker started (queue max 8)
16:07:16 INFO    app.core.events | ws client connected (1 total)
16:07:16 INFO    app.core.events | ws client connected (2 total)
16:07:17 INFO    app.core.events | ws client connected (3 total)
16:07:18 INFO    app.core.events | ws client connected (4 total)
16:07:18 INFO    app.core.events | ws client connected (5 total)
16:07:18 INFO    app.core.events | ws client connected (6 total)
16:07:18 INFO    app.core.events | ws client connected (7 total)
16:07:49 WARNING app.api.routes.admin | DEMO RESET: 14 sightings and 14 crops deleted
16:07:49 INFO    app.api.routes.cameras | camera registered: SMOKE TEST temp camera (5c2fef3c-1c52-4cf5-88ed-394cbc20106b)
16:07:49 INFO    app.api.routes.cameras | camera claimed: SMOKE TEST temp camera (5c2fef3c-1c52-4cf5-88ed-394cbc20106b)
16:07:49 INFO    app.api.routes.cameras | camera SMOKE TEST temp camera moved to 25.020000, 67.050000 (accuracy None m)
16:07:49 INFO    app.core.events | ws client connected (8 total)
16:07:52 INFO    app.workers.frame_worker | frame from camera 05ed7642-ff08-461f-b28f-2db08148c611 -> 1 detected, 1 kept, 0 violation(s), 1 sighting(s), 0 incident(s)
16:07:53 INFO    app.services.ingest | 2 of 5 detections were too small to identify (< 96 px tall) - dropped
16:07:53 INFO    app.services.ingest | dedupe: 2 of 5 detections were repeats of a frame already stored
16:07:53 INFO    app.services.ingest | incident 034fff75-3e16-4972-960a-5ea9df4bdeb7: no_helmet at camera 55858868-8e25-47b8-8b66-bd30660db156, plate=UNREADABLE (fingerprint mode)
16:07:53 INFO    app.services.matching | incident 034fff75-3e16-4972-960a-5ea9df4bdeb7: 1 of 1 candidates below 0.70 (stored, not offered): 0.613
16:07:53 INFO    app.services.ingest | incident 034fff75-3e16-4972-960a-5ea9df4bdeb7: 1 candidates, best 0.613
16:07:53 INFO    app.services.ingest | no_helmet at camera 55858868-8e25-47b8-8b66-bd30660db156 already open as incident 034fff75-3e16-4972-960a-5ea9df4bdeb7 (0.0s ago) - not opening a second
16:07:53 INFO    app.workers.frame_worker | frame from camera 55858868-8e25-47b8-8b66-bd30660db156 -> 5 detected, 3 kept, 2 violation(s), 3 sighting(s), 1 incident(s)
16:07:54 INFO    app.services.watchlist | WATCHLIST HIT: incident 034fff75-3e16-4972-960a-5ea9df4bdeb7 reappeared at Camera 3 — Karsaz, score 0.605
16:07:54 INFO    app.services.ingest | incident 2183f757-c409-4440-87ea-90960af82303: no_helmet at camera 57da2ffe-db48-4628-85da-481cbba62525, plate=SAD426
16:07:54 INFO    app.services.ingest | incident 2183f757-c409-4440-87ea-90960af82303: plate SAD426 read - handed to ANPR, fingerprint matching skipped
16:07:54 INFO    app.services.watchlist | WATCHLIST HIT: incident 034fff75-3e16-4972-960a-5ea9df4bdeb7 reappeared at Camera 3 — Karsaz, score 0.791
16:07:54 INFO    app.workers.frame_worker | frame from camera 57da2ffe-db48-4628-85da-481cbba62525 -> 2 detected, 2 kept, 1 violation(s), 2 sighting(s), 1 incident(s)
16:07:54 INFO    app.services.matching | burst dedupe: 3 sightings -> 2 passes
16:07:54 INFO    app.services.matching | incident 034fff75-3e16-4972-960a-5ea9df4bdeb7: 2 of 2 candidates below 0.70 (stored, not offered): 0.613, 0.605
16:07:55 INFO    app.api.routes.matches | match 836450b2-f2df-4679-a8eb-48fbd395ef62 confirmed
16:08:00 INFO    app.services.ingest | no detections - saved a sample frame to logs/frames/110800_05ed7642_25b.jpg (25 bytes)
16:08:00 INFO    app.workers.frame_worker | frame from camera 05ed7642-ff08-461f-b28f-2db08148c611 -> 0 detected, 0 kept, 0 violation(s), 0 sighting(s), 0 incident(s)
16:08:04 WARNING app.api.routes.admin | DEMO RESET: 6 sightings and 6 crops deleted
16:08:04 INFO    app.core.events | ws client disconnected (7 left)
16:08:17 INFO    app.core.events | ws client connected (8 total)
16:08:18 INFO    app.core.events | ws client connected (9 total)
16:08:18 INFO    app.core.events | ws client connected (10 total)
16:09:38 INFO    app.services.ingest | no detections - saved a sample frame to logs/frames/110936_05ed7642_76423b.jpg (76423 bytes)
16:09:38 INFO    app.workers.frame_worker | frame from camera 05ed7642-ff08-461f-b28f-2db08148c611 -> 0 detected, 0 kept, 0 violation(s), 0 sighting(s), 0 incident(s)
16:09:40 INFO    app.workers.frame_worker | frame from camera 05ed7642-ff08-461f-b28f-2db08148c611 -> 0 detected, 0 kept, 0 violation(s), 0 sighting(s), 0 incident(s)
16:09:42 INFO    app.workers.frame_worker | frame from camera 05ed7642-ff08-461f-b28f-2db08148c611 -> 1 detected, 1 kept, 0 violation(s), 1 sighting(s), 0 incident(s)
16:09:43 INFO    app.services.ingest | dedupe: 1 of 1 detections were repeats of a frame already stored
16:09:43 INFO    app.workers.frame_worker | frame from camera 05ed7642-ff08-461f-b28f-2db08148c611 -> 1 detected, 0 kept, 0 violation(s), 0 sighting(s), 0 incident(s)
16:09:44 INFO    app.workers.frame_worker | frame from camera 05ed7642-ff08-461f-b28f-2db08148c611 -> 0 detected, 0 kept, 0 violation(s), 0 sighting(s), 0 incident(s)
16:09:45 INFO    app.workers.frame_worker | frame from camera 05ed7642-ff08-461f-b28f-2db08148c611 -> 0 detected, 0 kept, 0 violation(s), 0 sighting(s), 0 incident(s)
16:09:46 INFO    app.workers.frame_worker | frame from camera 05ed7642-ff08-461f-b28f-2db08148c611 -> 0 detected, 0 kept, 0 violation(s), 0 sighting(s), 0 incident(s)
16:09:58 INFO    app.services.ingest | no detections - saved a sample frame to logs/frames/110957_05ed7642_73519b.jpg (73519 bytes)
16:09:58 INFO    app.workers.frame_worker | frame from camera 05ed7642-ff08-461f-b28f-2db08148c611 -> 0 detected, 0 kept, 0 violation(s), 0 sighting(s), 0 incident(s)
16:10:00 INFO    app.workers.frame_worker | frame from camera 05ed7642-ff08-461f-b28f-2db08148c611 -> 0 detected, 0 kept, 0 violation(s), 0 sighting(s), 0 incident(s)
16:10:01 INFO    app.workers.frame_worker | frame from camera 05ed7642-ff08-461f-b28f-2db08148c611 -> 0 detected, 0 kept, 0 violation(s), 0 sighting(s), 0 incident(s)
16:10:02 INFO    app.workers.frame_worker | frame from camera 05ed7642-ff08-461f-b28f-2db08148c611 -> 0 detected, 0 kept, 0 violation(s), 0 sighting(s), 0 incident(s)
16:10:03 INFO    app.workers.frame_worker | frame from camera 05ed7642-ff08-461f-b28f-2db08148c611 -> 0 detected, 0 kept, 0 violation(s), 0 sighting(s), 0 incident(s)
16:10:04 INFO    app.workers.frame_worker | frame from camera 05ed7642-ff08-461f-b28f-2db08148c611 -> 0 detected, 0 kept, 0 violation(s), 0 sighting(s), 0 incident(s)
16:10:06 INFO    app.workers.frame_worker | frame from camera 05ed7642-ff08-461f-b28f-2db08148c611 -> 0 detected, 0 kept, 0 violation(s), 0 sighting(s), 0 incident(s)
16:10:07 INFO    app.workers.frame_worker | frame from camera 05ed7642-ff08-461f-b28f-2db08148c611 -> 0 detected, 0 kept, 0 violation(s), 0 sighting(s), 0 incident(s)
16:10:09 INFO    app.workers.frame_worker | frame from camera 05ed7642-ff08-461f-b28f-2db08148c611 -> 0 detected, 0 kept, 0 violation(s), 0 sighting(s), 0 incident(s)
16:10:10 INFO    app.workers.frame_worker | frame from camera 05ed7642-ff08-461f-b28f-2db08148c611 -> 0 detected, 0 kept, 0 violation(s), 0 sighting(s), 0 incident(s)
16:10:11 INFO    app.workers.frame_worker | frame from camera 05ed7642-ff08-461f-b28f-2db08148c611 -> 1 detected, 1 kept, 0 violation(s), 1 sighting(s), 0 incident(s)
16:10:12 INFO    app.workers.frame_worker | frame from camera 05ed7642-ff08-461f-b28f-2db08148c611 -> 0 detected, 0 kept, 0 violation(s), 0 sighting(s), 0 incident(s)
16:10:13 INFO    app.workers.frame_worker | frame from camera 05ed7642-ff08-461f-b28f-2db08148c611 -> 0 detected, 0 kept, 0 violation(s), 0 sighting(s), 0 incident(s)
16:10:14 INFO    app.services.ingest | no detections - saved a sample frame to logs/frames/111013_05ed7642_69083b.jpg (69083 bytes)
16:10:14 INFO    app.workers.frame_worker | frame from camera 05ed7642-ff08-461f-b28f-2db08148c611 -> 0 detected, 0 kept, 0 violation(s), 0 sighting(s), 0 incident(s)
16:10:15 INFO    app.workers.frame_worker | frame from camera 05ed7642-ff08-461f-b28f-2db08148c611 -> 0 detected, 0 kept, 0 violation(s), 0 sighting(s), 0 incident(s)
16:10:18 INFO    app.workers.frame_worker | frame from camera 05ed7642-ff08-461f-b28f-2db08148c611 -> 0 detected, 0 kept, 0 violation(s), 0 sighting(s), 0 incident(s)
16:10:19 INFO    app.workers.frame_worker | frame from camera 05ed7642-ff08-461f-b28f-2db08148c611 -> 0 detected, 0 kept, 0 violation(s), 0 sighting(s), 0 incident(s)
16:10:20 INFO    app.workers.frame_worker | frame from camera 05ed7642-ff08-461f-b28f-2db08148c611 -> 0 detected, 0 kept, 0 violation(s), 0 sighting(s), 0 incident(s)
16:10:21 INFO    app.workers.frame_worker | frame from camera 05ed7642-ff08-461f-b28f-2db08148c611 -> 0 detected, 0 kept, 0 violation(s), 0 sighting(s), 0 incident(s)
16:10:23 INFO    app.workers.frame_worker | frame from camera 05ed7642-ff08-461f-b28f-2db08148c611 -> 0 detected, 0 kept, 0 violation(s), 0 sighting(s), 0 incident(s)
16:10:25 INFO    app.workers.frame_worker | frame from camera 05ed7642-ff08-461f-b28f-2db08148c611 -> 0 detected, 0 kept, 0 violation(s), 0 sighting(s), 0 incident(s)
16:10:27 INFO    app.workers.frame_worker | frame from camera 05ed7642-ff08-461f-b28f-2db08148c611 -> 0 detected, 0 kept, 0 violation(s), 0 sighting(s), 0 incident(s)
16:10:30 INFO    app.services.ingest | no detections - saved a sample frame to logs/frames/111028_05ed7642_80453b.jpg (80453 bytes)
16:10:30 INFO    app.workers.frame_worker | frame from camera 05ed7642-ff08-461f-b28f-2db08148c611 -> 0 detected, 0 kept, 0 violation(s), 0 sighting(s), 0 incident(s)
16:10:32 INFO    app.workers.frame_worker | frame from camera 05ed7642-ff08-461f-b28f-2db08148c611 -> 1 detected, 1 kept, 0 violation(s), 1 sighting(s), 0 incident(s)
16:10:34 INFO    app.workers.frame_worker | frame from camera 05ed7642-ff08-461f-b28f-2db08148c611 -> 0 detected, 0 kept, 0 violation(s), 0 sighting(s), 0 incident(s)
16:10:35 INFO    app.services.ingest | dedupe: 1 of 1 detections were repeats of a frame already stored
16:10:35 INFO    app.workers.frame_worker | frame from camera 05ed7642-ff08-461f-b28f-2db08148c611 -> 1 detected, 0 kept, 0 violation(s), 0 sighting(s), 0 incident(s)
16:10:36 INFO    app.workers.frame_worker | frame from camera 05ed7642-ff08-461f-b28f-2db08148c611 -> 0 detected, 0 kept, 0 violation(s), 0 sighting(s), 0 incident(s)
16:10:37 INFO    app.workers.frame_worker | frame from camera 05ed7642-ff08-461f-b28f-2db08148c611 -> 0 detected, 0 kept, 0 violation(s), 0 sighting(s), 0 incident(s)
16:10:39 INFO    app.workers.frame_worker | frame from camera 05ed7642-ff08-461f-b28f-2db08148c611 -> 0 detected, 0 kept, 0 violation(s), 0 sighting(s), 0 incident(s)
16:10:41 INFO    app.workers.frame_worker | frame from camera 05ed7642-ff08-461f-b28f-2db08148c611 -> 0 detected, 0 kept, 0 violation(s), 0 sighting(s), 0 incident(s)
16:10:49 INFO    app.core.events | ws client disconnected (9 left)
16:10:49 INFO    app.core.events | ws client connected (10 total)
16:11:00 INFO    app.services.ingest | no detections - saved a sample frame to logs/frames/111100_55858868_61176b.jpg (61176 bytes)
16:11:00 INFO    app.workers.frame_worker | frame from camera 55858868-8e25-47b8-8b66-bd30660db156 -> 0 detected, 0 kept, 0 violation(s), 0 sighting(s), 0 incident(s)
16:11:02 INFO    app.workers.frame_worker | frame from camera 55858868-8e25-47b8-8b66-bd30660db156 -> 0 detected, 0 kept, 0 violation(s), 0 sighting(s), 0 incident(s)
16:11:03 INFO    app.workers.frame_worker | frame from camera 55858868-8e25-47b8-8b66-bd30660db156 -> 0 detected, 0 kept, 0 violation(s), 0 sighting(s), 0 incident(s)
16:11:05 INFO    app.services.ingest | incident 161688a4-fbb4-4e8b-b4dd-fb4e956534d2: no_helmet at camera 55858868-8e25-47b8-8b66-bd30660db156, plate=UNREADABLE (fingerprint mode)
16:11:05 INFO    app.services.ingest | incident 161688a4-fbb4-4e8b-b4dd-fb4e956534d2: 3 candidates, best 0.892
16:11:05 INFO    app.workers.frame_worker | frame from camera 55858868-8e25-47b8-8b66-bd30660db156 -> 1 detected, 1 kept, 1 violation(s), 1 sighting(s), 1 incident(s)
16:11:06 INFO    app.workers.frame_worker | frame from camera 55858868-8e25-47b8-8b66-bd30660db156 -> 0 detected, 0 kept, 0 violation(s), 0 sighting(s), 0 incident(s)
16:11:07 INFO    app.workers.frame_worker | frame from camera 55858868-8e25-47b8-8b66-bd30660db156 -> 0 detected, 0 kept, 0 violation(s), 0 sighting(s), 0 incident(s)
16:11:08 INFO    app.workers.frame_worker | frame from camera 55858868-8e25-47b8-8b66-bd30660db156 -> 0 detected, 0 kept, 0 violation(s), 0 sighting(s), 0 incident(s)
16:11:09 INFO    app.workers.frame_worker | frame from camera 55858868-8e25-47b8-8b66-bd30660db156 -> 0 detected, 0 kept, 0 violation(s), 0 sighting(s), 0 incident(s)
16:11:18 INFO    app.services.ingest | no detections - saved a sample frame to logs/frames/111118_55858868_50018b.jpg (50018 bytes)
16:11:18 INFO    app.workers.frame_worker | frame from camera 55858868-8e25-47b8-8b66-bd30660db156 -> 0 detected, 0 kept, 0 violation(s), 0 sighting(s), 0 incident(s)
16:11:19 INFO    app.workers.frame_worker | frame from camera 55858868-8e25-47b8-8b66-bd30660db156 -> 0 detected, 0 kept, 0 violation(s), 0 sighting(s), 0 incident(s)
16:11:20 INFO    app.workers.frame_worker | frame from camera 55858868-8e25-47b8-8b66-bd30660db156 -> 0 detected, 0 kept, 0 violation(s), 0 sighting(s), 0 incident(s)
16:11:21 INFO    app.workers.frame_worker | frame from camera 55858868-8e25-47b8-8b66-bd30660db156 -> 0 detected, 0 kept, 0 violation(s), 0 sighting(s), 0 incident(s)
16:11:23 INFO    app.workers.frame_worker | frame from camera 55858868-8e25-47b8-8b66-bd30660db156 -> 0 detected, 0 kept, 0 violation(s), 0 sighting(s), 0 incident(s)
16:11:25 INFO    app.workers.frame_worker | frame from camera 55858868-8e25-47b8-8b66-bd30660db156 -> 0 detected, 0 kept, 0 violation(s), 0 sighting(s), 0 incident(s)
16:11:26 INFO    app.workers.frame_worker | frame from camera 55858868-8e25-47b8-8b66-bd30660db156 -> 0 detected, 0 kept, 0 violation(s), 0 sighting(s), 0 incident(s)
16:11:27 INFO    app.workers.frame_worker | frame from camera 55858868-8e25-47b8-8b66-bd30660db156 -> 0 detected, 0 kept, 0 violation(s), 0 sighting(s), 0 incident(s)
16:11:28 INFO    app.workers.frame_worker | frame from camera 55858868-8e25-47b8-8b66-bd30660db156 -> 0 detected, 0 kept, 0 violation(s), 0 sighting(s), 0 incident(s)
16:11:31 INFO    app.workers.frame_worker | frame from camera 55858868-8e25-47b8-8b66-bd30660db156 -> 1 detected, 1 kept, 0 violation(s), 1 sighting(s), 0 incident(s)
16:11:33 INFO    app.workers.frame_worker | frame from camera 55858868-8e25-47b8-8b66-bd30660db156 -> 0 detected, 0 kept, 0 violation(s), 0 sighting(s), 0 incident(s)
16:11:35 INFO    app.services.ingest | no detections - saved a sample frame to logs/frames/111135_55858868_59056b.jpg (59056 bytes)
16:11:35 INFO    app.workers.frame_worker | frame from camera 55858868-8e25-47b8-8b66-bd30660db156 -> 0 detected, 0 kept, 0 violation(s), 0 sighting(s), 0 incident(s)
16:11:37 INFO    app.workers.frame_worker | frame from camera 55858868-8e25-47b8-8b66-bd30660db156 -> 1 detected, 1 kept, 0 violation(s), 1 sighting(s), 0 incident(s)
16:11:39 INFO    app.workers.frame_worker | frame from camera 55858868-8e25-47b8-8b66-bd30660db156 -> 0 detected, 0 kept, 0 violation(s), 0 sighting(s), 0 incident(s)
16:11:41 INFO    app.workers.frame_worker | frame from camera 55858868-8e25-47b8-8b66-bd30660db156 -> 0 detected, 0 kept, 0 violation(s), 0 sighting(s), 0 incident(s)
16:11:43 INFO    app.workers.frame_worker | frame from camera 55858868-8e25-47b8-8b66-bd30660db156 -> 0 detected, 0 kept, 0 violation(s), 0 sighting(s), 0 incident(s)
16:11:46 INFO    app.workers.frame_worker | frame from camera 55858868-8e25-47b8-8b66-bd30660db156 -> 0 detected, 0 kept, 0 violation(s), 0 sighting(s), 0 incident(s)
16:11:47 INFO    app.workers.frame_worker | frame from camera 55858868-8e25-47b8-8b66-bd30660db156 -> 0 detected, 0 kept, 0 violation(s), 0 sighting(s), 0 incident(s)
16:11:48 INFO    app.workers.frame_worker | frame from camera 55858868-8e25-47b8-8b66-bd30660db156 -> 0 detected, 0 kept, 0 violation(s), 0 sighting(s), 0 incident(s)
16:11:49 INFO    app.workers.frame_worker | frame from camera 55858868-8e25-47b8-8b66-bd30660db156 -> 0 detected, 0 kept, 0 violation(s), 0 sighting(s), 0 incident(s)
16:11:51 INFO    app.services.ingest | no detections - saved a sample frame to logs/frames/111151_55858868_61308b.jpg (61308 bytes)
16:11:51 INFO    app.workers.frame_worker | frame from camera 55858868-8e25-47b8-8b66-bd30660db156 -> 0 detected, 0 kept, 0 violation(s), 0 sighting(s), 0 incident(s)
16:11:54 INFO    app.workers.frame_worker | frame from camera 55858868-8e25-47b8-8b66-bd30660db156 -> 0 detected, 0 kept, 0 violation(s), 0 sighting(s), 0 incident(s)
16:11:56 INFO    app.services.ingest | incident 4ba51a50-dfeb-4482-8e8e-9031c728b9a7: no_helmet at camera 55858868-8e25-47b8-8b66-bd30660db156, plate=UNREADABLE (fingerprint mode)
16:11:56 INFO    app.services.ingest | incident 4ba51a50-dfeb-4482-8e8e-9031c728b9a7: 3 candidates, best 0.877
16:11:56 INFO    app.workers.frame_worker | frame from camera 55858868-8e25-47b8-8b66-bd30660db156 -> 1 detected, 1 kept, 1 violation(s), 1 sighting(s), 1 incident(s)
16:11:58 INFO    app.services.ingest | dedupe: 1 of 1 detections were repeats of a frame already stored
16:11:58 INFO    app.workers.frame_worker | frame from camera 55858868-8e25-47b8-8b66-bd30660db156 -> 1 detected, 0 kept, 0 violation(s), 0 sighting(s), 0 incident(s)
16:11:59 INFO    app.workers.frame_worker | frame from camera 55858868-8e25-47b8-8b66-bd30660db156 -> 0 detected, 0 kept, 0 violation(s), 0 sighting(s), 0 incident(s)
16:12:12 INFO    app.core.events | ws client disconnected (9 left)
16:12:12 INFO    app.core.events | ws client connected (10 total)
16:12:13 INFO    app.core.events | ws client disconnected (9 left)
16:12:22 INFO    app.core.events | ws client connected (10 total)
16:12:23 INFO    app.core.events | ws client disconnected (9 left)
16:12:35 INFO    app.api.routes.matches | match 4d9c0e78-3af5-441d-b8fd-c7bd997bec84 confirmed
16:12:38 INFO    app.core.events | ws client connected (10 total)
16:12:38 INFO    app.core.events | ws client disconnected (9 left)
16:14:55 INFO    app.workers.frame_worker | frame worker started (queue max 8)
16:14:55 INFO    app.core.events | ws client connected (1 total)
16:14:59 INFO    app.core.events | ws client connected (2 total)
16:14:59 INFO    app.core.events | ws client connected (3 total)
16:14:59 INFO    app.core.events | ws client connected (4 total)
16:14:59 INFO    app.core.events | ws client connected (5 total)
16:15:00 INFO    app.core.events | ws client connected (6 total)
16:16:20 INFO    app.core.events | ws client connected (7 total)
16:16:21 INFO    app.core.events | ws client disconnected (6 left)
16:16:21 INFO    app.core.events | ws client connected (7 total)
16:16:21 INFO    app.core.events | ws client disconnected (6 left)
16:16:21 INFO    app.core.events | ws client connected (7 total)
16:16:22 INFO    app.core.events | ws client disconnected (6 left)
16:16:22 INFO    app.core.events | ws client connected (7 total)
16:16:22 INFO    app.core.events | ws client disconnected (6 left)
16:16:22 INFO    app.core.events | ws client connected (7 total)
16:16:24 WARNING app.api.routes.admin | DEMO RESET: 7 sightings and 7 crops deleted
16:16:24 INFO    app.core.events | ws client disconnected (6 left)
16:16:24 INFO    app.core.events | ws client disconnected (5 left)
16:16:24 INFO    app.core.events | ws client disconnected (4 left)
16:16:25 INFO    app.core.events | ws client connected (5 total)
16:16:25 INFO    app.core.events | ws client connected (6 total)
16:16:25 INFO    app.core.events | ws client connected (7 total)
16:16:34 INFO    app.core.events | ws client disconnected (6 left)
16:16:34 INFO    app.core.events | ws client disconnected (5 left)
16:16:34 INFO    app.core.events | ws client connected (6 total)
16:16:34 INFO    app.api.routes.cameras | camera claimed: Camera 1 — Shahrah-e-Faisal (05ed7642-ff08-461f-b28f-2db08148c611)
16:16:34 INFO    app.core.events | ws client connected (7 total)
16:16:35 INFO    app.core.events | ws client disconnected (6 left)
16:16:35 INFO    app.core.events | ws client disconnected (5 left)
16:16:35 INFO    app.core.events | ws client connected (6 total)
16:16:35 INFO    app.api.routes.cameras | camera claimed: Camera 2 — Tipu Sultan Rd (55858868-8e25-47b8-8b66-bd30660db156)
16:16:35 INFO    app.core.events | ws client connected (7 total)
16:16:36 INFO    app.api.routes.cameras | camera Camera 2 — Tipu Sultan Rd moved to 25.003181, 67.043295 (accuracy None m)
16:16:37 INFO    app.api.routes.cameras | camera Camera 1 — Shahrah-e-Faisal moved to 25.010990, 67.040120 (accuracy None m)
16:16:49 INFO    app.services.ingest | no detections - saved a sample frame to logs/frames/111648_05ed7642_81265b.jpg (81265 bytes)
16:16:49 INFO    app.workers.frame_worker | frame from camera 05ed7642-ff08-461f-b28f-2db08148c611 -> 0 detected, 0 kept, 0 violation(s), 0 sighting(s), 0 incident(s)
16:16:52 INFO    app.workers.frame_worker | frame from camera 05ed7642-ff08-461f-b28f-2db08148c611 -> 0 detected, 0 kept, 0 violation(s), 0 sighting(s), 0 incident(s)
16:16:53 INFO    app.workers.frame_worker | frame from camera 05ed7642-ff08-461f-b28f-2db08148c611 -> 0 detected, 0 kept, 0 violation(s), 0 sighting(s), 0 incident(s)
16:16:54 INFO    app.workers.frame_worker | frame from camera 05ed7642-ff08-461f-b28f-2db08148c611 -> 0 detected, 0 kept, 0 violation(s), 0 sighting(s), 0 incident(s)
16:16:55 INFO    app.workers.frame_worker | frame from camera 05ed7642-ff08-461f-b28f-2db08148c611 -> 0 detected, 0 kept, 0 violation(s), 0 sighting(s), 0 incident(s)
16:16:56 INFO    app.workers.frame_worker | frame from camera 05ed7642-ff08-461f-b28f-2db08148c611 -> 0 detected, 0 kept, 0 violation(s), 0 sighting(s), 0 incident(s)
16:16:57 INFO    app.workers.frame_worker | frame from camera 05ed7642-ff08-461f-b28f-2db08148c611 -> 0 detected, 0 kept, 0 violation(s), 0 sighting(s), 0 incident(s)
16:16:59 INFO    app.workers.frame_worker | frame from camera 05ed7642-ff08-461f-b28f-2db08148c611 -> 0 detected, 0 kept, 0 violation(s), 0 sighting(s), 0 incident(s)
16:17:16 INFO    app.services.ingest | no detections - saved a sample frame to logs/frames/111714_05ed7642_98086b.jpg (98086 bytes)
16:17:16 INFO    app.workers.frame_worker | frame from camera 05ed7642-ff08-461f-b28f-2db08148c611 -> 0 detected, 0 kept, 0 violation(s), 0 sighting(s), 0 incident(s)
16:17:17 INFO    app.workers.frame_worker | frame from camera 05ed7642-ff08-461f-b28f-2db08148c611 -> 0 detected, 0 kept, 0 violation(s), 0 sighting(s), 0 incident(s)
16:17:18 INFO    app.workers.frame_worker | frame from camera 05ed7642-ff08-461f-b28f-2db08148c611 -> 0 detected, 0 kept, 0 violation(s), 0 sighting(s), 0 incident(s)
16:17:19 INFO    app.workers.frame_worker | frame from camera 05ed7642-ff08-461f-b28f-2db08148c611 -> 0 detected, 0 kept, 0 violation(s), 0 sighting(s), 0 incident(s)
16:17:20 INFO    app.workers.frame_worker | frame from camera 05ed7642-ff08-461f-b28f-2db08148c611 -> 0 detected, 0 kept, 0 violation(s), 0 sighting(s), 0 incident(s)
16:17:22 INFO    app.workers.frame_worker | frame from camera 05ed7642-ff08-461f-b28f-2db08148c611 -> 0 detected, 0 kept, 0 violation(s), 0 sighting(s), 0 incident(s)
16:17:23 INFO    app.workers.frame_worker | frame from camera 05ed7642-ff08-461f-b28f-2db08148c611 -> 0 detected, 0 kept, 0 violation(s), 0 sighting(s), 0 incident(s)
16:17:24 INFO    app.workers.frame_worker | frame from camera 05ed7642-ff08-461f-b28f-2db08148c611 -> 0 detected, 0 kept, 0 violation(s), 0 sighting(s), 0 incident(s)
16:17:25 INFO    app.workers.frame_worker | frame from camera 05ed7642-ff08-461f-b28f-2db08148c611 -> 0 detected, 0 kept, 0 violation(s), 0 sighting(s), 0 incident(s)
16:17:26 INFO    app.workers.frame_worker | frame from camera 05ed7642-ff08-461f-b28f-2db08148c611 -> 0 detected, 0 kept, 0 violation(s), 0 sighting(s), 0 incident(s)
16:17:28 INFO    app.workers.frame_worker | frame from camera 05ed7642-ff08-461f-b28f-2db08148c611 -> 0 detected, 0 kept, 0 violation(s), 0 sighting(s), 0 incident(s)
16:17:29 INFO    app.workers.frame_worker | frame from camera 05ed7642-ff08-461f-b28f-2db08148c611 -> 0 detected, 0 kept, 0 violation(s), 0 sighting(s), 0 incident(s)
16:17:30 INFO    app.workers.frame_worker | frame from camera 05ed7642-ff08-461f-b28f-2db08148c611 -> 0 detected, 0 kept, 0 violation(s), 0 sighting(s), 0 incident(s)
16:17:31 INFO    app.services.ingest | no detections - saved a sample frame to logs/frames/111729_05ed7642_144696b.jpg (144696 bytes)
16:17:31 INFO    app.workers.frame_worker | frame from camera 05ed7642-ff08-461f-b28f-2db08148c611 -> 0 detected, 0 kept, 0 violation(s), 0 sighting(s), 0 incident(s)
16:17:32 INFO    app.workers.frame_worker | frame from camera 05ed7642-ff08-461f-b28f-2db08148c611 -> 0 detected, 0 kept, 0 violation(s), 0 sighting(s), 0 incident(s)
16:17:33 INFO    app.workers.frame_worker | frame from camera 05ed7642-ff08-461f-b28f-2db08148c611 -> 0 detected, 0 kept, 0 violation(s), 0 sighting(s), 0 incident(s)
16:17:35 INFO    app.workers.frame_worker | frame from camera 05ed7642-ff08-461f-b28f-2db08148c611 -> 0 detected, 0 kept, 0 violation(s), 0 sighting(s), 0 incident(s)
16:17:36 INFO    app.workers.frame_worker | frame from camera 05ed7642-ff08-461f-b28f-2db08148c611 -> 0 detected, 0 kept, 0 violation(s), 0 sighting(s), 0 incident(s)
16:17:37 INFO    app.workers.frame_worker | frame from camera 05ed7642-ff08-461f-b28f-2db08148c611 -> 0 detected, 0 kept, 0 violation(s), 0 sighting(s), 0 incident(s)
16:17:38 INFO    app.workers.frame_worker | frame from camera 05ed7642-ff08-461f-b28f-2db08148c611 -> 0 detected, 0 kept, 0 violation(s), 0 sighting(s), 0 incident(s)
16:17:39 INFO    app.workers.frame_worker | frame from camera 05ed7642-ff08-461f-b28f-2db08148c611 -> 0 detected, 0 kept, 0 violation(s), 0 sighting(s), 0 incident(s)
16:17:40 INFO    app.workers.frame_worker | frame from camera 05ed7642-ff08-461f-b28f-2db08148c611 -> 0 detected, 0 kept, 0 violation(s), 0 sighting(s), 0 incident(s)
16:17:42 INFO    app.workers.frame_worker | frame from camera 05ed7642-ff08-461f-b28f-2db08148c611 -> 0 detected, 0 kept, 0 violation(s), 0 sighting(s), 0 incident(s)
16:17:43 INFO    app.workers.frame_worker | frame from camera 05ed7642-ff08-461f-b28f-2db08148c611 -> 0 detected, 0 kept, 0 violation(s), 0 sighting(s), 0 incident(s)
16:17:45 INFO    app.workers.frame_worker | frame from camera 05ed7642-ff08-461f-b28f-2db08148c611 -> 0 detected, 0 kept, 0 violation(s), 0 sighting(s), 0 incident(s)
16:17:47 INFO    app.services.ingest | no detections - saved a sample frame to logs/frames/111746_05ed7642_88039b.jpg (88039 bytes)
16:17:47 INFO    app.workers.frame_worker | frame from camera 05ed7642-ff08-461f-b28f-2db08148c611 -> 0 detected, 0 kept, 0 violation(s), 0 sighting(s), 0 incident(s)
16:17:48 INFO    app.workers.frame_worker | frame from camera 05ed7642-ff08-461f-b28f-2db08148c611 -> 0 detected, 0 kept, 0 violation(s), 0 sighting(s), 0 incident(s)
16:17:50 INFO    app.workers.frame_worker | frame from camera 05ed7642-ff08-461f-b28f-2db08148c611 -> 0 detected, 0 kept, 0 violation(s), 0 sighting(s), 0 incident(s)
16:17:51 INFO    app.workers.frame_worker | frame from camera 05ed7642-ff08-461f-b28f-2db08148c611 -> 0 detected, 0 kept, 0 violation(s), 0 sighting(s), 0 incident(s)
16:17:52 INFO    app.workers.frame_worker | frame from camera 05ed7642-ff08-461f-b28f-2db08148c611 -> 0 detected, 0 kept, 0 violation(s), 0 sighting(s), 0 incident(s)
16:17:53 INFO    app.workers.frame_worker | frame from camera 05ed7642-ff08-461f-b28f-2db08148c611 -> 0 detected, 0 kept, 0 violation(s), 0 sighting(s), 0 incident(s)
16:17:54 INFO    app.workers.frame_worker | frame from camera 05ed7642-ff08-461f-b28f-2db08148c611 -> 0 detected, 0 kept, 0 violation(s), 0 sighting(s), 0 incident(s)
16:17:55 INFO    app.workers.frame_worker | frame from camera 05ed7642-ff08-461f-b28f-2db08148c611 -> 0 detected, 0 kept, 0 violation(s), 0 sighting(s), 0 incident(s)
16:17:56 INFO    app.workers.frame_worker | frame from camera 05ed7642-ff08-461f-b28f-2db08148c611 -> 0 detected, 0 kept, 0 violation(s), 0 sighting(s), 0 incident(s)
16:17:57 INFO    app.workers.frame_worker | frame from camera 05ed7642-ff08-461f-b28f-2db08148c611 -> 0 detected, 0 kept, 0 violation(s), 0 sighting(s), 0 incident(s)
16:17:59 INFO    app.workers.frame_worker | frame from camera 05ed7642-ff08-461f-b28f-2db08148c611 -> 0 detected, 0 kept, 0 violation(s), 0 sighting(s), 0 incident(s)
16:18:00 INFO    app.workers.frame_worker | frame from camera 05ed7642-ff08-461f-b28f-2db08148c611 -> 0 detected, 0 kept, 0 violation(s), 0 sighting(s), 0 incident(s)
16:18:01 INFO    app.core.events | ws client disconnected (6 left)
16:18:01 INFO    app.core.events | ws client connected (7 total)
16:18:01 INFO    app.workers.frame_worker | frame from camera 05ed7642-ff08-461f-b28f-2db08148c611 -> 0 detected, 0 kept, 0 violation(s), 0 sighting(s), 0 incident(s)
16:18:03 INFO    app.services.ingest | no detections - saved a sample frame to logs/frames/111801_05ed7642_10388b.jpg (10388 bytes)
16:18:03 INFO    app.workers.frame_worker | frame from camera 05ed7642-ff08-461f-b28f-2db08148c611 -> 0 detected, 0 kept, 0 violation(s), 0 sighting(s), 0 incident(s)
16:18:05 INFO    app.workers.frame_worker | frame from camera 05ed7642-ff08-461f-b28f-2db08148c611 -> 0 detected, 0 kept, 0 violation(s), 0 sighting(s), 0 incident(s)
16:18:06 INFO    app.services.ingest | no detections - saved a sample frame to logs/frames/111806_55858868_57705b.jpg (57705 bytes)
16:18:06 INFO    app.workers.frame_worker | frame from camera 55858868-8e25-47b8-8b66-bd30660db156 -> 0 detected, 0 kept, 0 violation(s), 0 sighting(s), 0 incident(s)
16:18:07 INFO    app.workers.frame_worker | frame from camera 05ed7642-ff08-461f-b28f-2db08148c611 -> 0 detected, 0 kept, 0 violation(s), 0 sighting(s), 0 incident(s)
16:18:09 INFO    app.workers.frame_worker | frame from camera 05ed7642-ff08-461f-b28f-2db08148c611 -> 0 detected, 0 kept, 0 violation(s), 0 sighting(s), 0 incident(s)
16:18:11 INFO    app.workers.frame_worker | frame from camera 05ed7642-ff08-461f-b28f-2db08148c611 -> 0 detected, 0 kept, 0 violation(s), 0 sighting(s), 0 incident(s)
16:18:14 INFO    app.workers.frame_worker | frame from camera 05ed7642-ff08-461f-b28f-2db08148c611 -> 0 detected, 0 kept, 0 violation(s), 0 sighting(s), 0 incident(s)
16:18:15 INFO    app.workers.frame_worker | frame from camera 55858868-8e25-47b8-8b66-bd30660db156 -> 0 detected, 0 kept, 0 violation(s), 0 sighting(s), 0 incident(s)
16:18:16 INFO    app.workers.frame_worker | frame from camera 05ed7642-ff08-461f-b28f-2db08148c611 -> 0 detected, 0 kept, 0 violation(s), 0 sighting(s), 0 incident(s)
16:18:16 INFO    app.workers.frame_worker | frame from camera 55858868-8e25-47b8-8b66-bd30660db156 -> 0 detected, 0 kept, 0 violation(s), 0 sighting(s), 0 incident(s)
16:18:18 INFO    app.workers.frame_worker | frame from camera 55858868-8e25-47b8-8b66-bd30660db156 -> 0 detected, 0 kept, 0 violation(s), 0 sighting(s), 0 incident(s)
16:18:18 INFO    app.workers.frame_worker | frame from camera 05ed7642-ff08-461f-b28f-2db08148c611 -> 0 detected, 0 kept, 0 violation(s), 0 sighting(s), 0 incident(s)
16:18:19 INFO    app.workers.frame_worker | frame from camera 55858868-8e25-47b8-8b66-bd30660db156 -> 0 detected, 0 kept, 0 violation(s), 0 sighting(s), 0 incident(s)
16:18:20 INFO    app.workers.frame_worker | frame from camera 55858868-8e25-47b8-8b66-bd30660db156 -> 0 detected, 0 kept, 0 violation(s), 0 sighting(s), 0 incident(s)
16:18:20 INFO    app.services.ingest | no detections - saved a sample frame to logs/frames/111818_05ed7642_10388b.jpg (10388 bytes)
16:18:20 INFO    app.workers.frame_worker | frame from camera 05ed7642-ff08-461f-b28f-2db08148c611 -> 0 detected, 0 kept, 0 violation(s), 0 sighting(s), 0 incident(s)
16:18:21 INFO    app.workers.frame_worker | frame from camera 55858868-8e25-47b8-8b66-bd30660db156 -> 0 detected, 0 kept, 0 violation(s), 0 sighting(s), 0 incident(s)
16:18:22 INFO    app.workers.frame_worker | frame from camera 05ed7642-ff08-461f-b28f-2db08148c611 -> 0 detected, 0 kept, 0 violation(s), 0 sighting(s), 0 incident(s)
16:18:22 INFO    app.services.ingest | no detections - saved a sample frame to logs/frames/111822_55858868_83777b.jpg (83777 bytes)
16:18:22 INFO    app.workers.frame_worker | frame from camera 55858868-8e25-47b8-8b66-bd30660db156 -> 0 detected, 0 kept, 0 violation(s), 0 sighting(s), 0 incident(s)
16:18:24 INFO    app.workers.frame_worker | frame from camera 05ed7642-ff08-461f-b28f-2db08148c611 -> 0 detected, 0 kept, 0 violation(s), 0 sighting(s), 0 incident(s)
16:18:26 INFO    app.workers.frame_worker | frame from camera 05ed7642-ff08-461f-b28f-2db08148c611 -> 0 detected, 0 kept, 0 violation(s), 0 sighting(s), 0 incident(s)
16:18:29 INFO    app.workers.frame_worker | frame from camera 05ed7642-ff08-461f-b28f-2db08148c611 -> 0 detected, 0 kept, 0 violation(s), 0 sighting(s), 0 incident(s)
16:18:31 INFO    app.workers.frame_worker | frame from camera 05ed7642-ff08-461f-b28f-2db08148c611 -> 0 detected, 0 kept, 0 violation(s), 0 sighting(s), 0 incident(s)
16:18:31 INFO    app.workers.frame_worker | frame from camera 55858868-8e25-47b8-8b66-bd30660db156 -> 0 detected, 0 kept, 0 violation(s), 0 sighting(s), 0 incident(s)
16:18:32 INFO    app.workers.frame_worker | frame from camera 55858868-8e25-47b8-8b66-bd30660db156 -> 0 detected, 0 kept, 0 violation(s), 0 sighting(s), 0 incident(s)
16:18:33 INFO    app.workers.frame_worker | frame from camera 05ed7642-ff08-461f-b28f-2db08148c611 -> 0 detected, 0 kept, 0 violation(s), 0 sighting(s), 0 incident(s)
16:18:33 INFO    app.workers.frame_worker | frame from camera 55858868-8e25-47b8-8b66-bd30660db156 -> 0 detected, 0 kept, 0 violation(s), 0 sighting(s), 0 incident(s)
16:18:35 INFO    app.workers.frame_worker | frame from camera 55858868-8e25-47b8-8b66-bd30660db156 -> 0 detected, 0 kept, 0 violation(s), 0 sighting(s), 0 incident(s)
16:18:35 INFO    app.workers.frame_worker | frame from camera 05ed7642-ff08-461f-b28f-2db08148c611 -> 0 detected, 0 kept, 0 violation(s), 0 sighting(s), 0 incident(s)
16:18:36 INFO    app.workers.frame_worker | frame from camera 55858868-8e25-47b8-8b66-bd30660db156 -> 0 detected, 0 kept, 0 violation(s), 0 sighting(s), 0 incident(s)
16:18:37 INFO    app.workers.frame_worker | frame from camera 55858868-8e25-47b8-8b66-bd30660db156 -> 0 detected, 0 kept, 0 violation(s), 0 sighting(s), 0 incident(s)
16:18:37 INFO    app.services.ingest | no detections - saved a sample frame to logs/frames/111836_05ed7642_10388b.jpg (10388 bytes)
16:18:37 INFO    app.workers.frame_worker | frame from camera 05ed7642-ff08-461f-b28f-2db08148c611 -> 0 detected, 0 kept, 0 violation(s), 0 sighting(s), 0 incident(s)
16:18:38 INFO    app.services.ingest | no detections - saved a sample frame to logs/frames/111838_55858868_101540b.jpg (101540 bytes)
16:18:38 INFO    app.workers.frame_worker | frame from camera 55858868-8e25-47b8-8b66-bd30660db156 -> 0 detected, 0 kept, 0 violation(s), 0 sighting(s), 0 incident(s)
16:18:39 INFO    app.workers.frame_worker | frame from camera 05ed7642-ff08-461f-b28f-2db08148c611 -> 0 detected, 0 kept, 0 violation(s), 0 sighting(s), 0 incident(s)
16:18:39 INFO    app.workers.frame_worker | frame from camera 55858868-8e25-47b8-8b66-bd30660db156 -> 0 detected, 0 kept, 0 violation(s), 0 sighting(s), 0 incident(s)
16:18:41 INFO    app.workers.frame_worker | frame from camera 55858868-8e25-47b8-8b66-bd30660db156 -> 0 detected, 0 kept, 0 violation(s), 0 sighting(s), 0 incident(s)
16:18:41 INFO    app.workers.frame_worker | frame from camera 05ed7642-ff08-461f-b28f-2db08148c611 -> 0 detected, 0 kept, 0 violation(s), 0 sighting(s), 0 incident(s)
16:18:42 INFO    app.workers.frame_worker | frame from camera 55858868-8e25-47b8-8b66-bd30660db156 -> 0 detected, 0 kept, 0 violation(s), 0 sighting(s), 0 incident(s)
16:18:43 INFO    app.workers.frame_worker | frame from camera 05ed7642-ff08-461f-b28f-2db08148c611 -> 0 detected, 0 kept, 0 violation(s), 0 sighting(s), 0 incident(s)
16:18:44 INFO    app.workers.frame_worker | frame from camera 55858868-8e25-47b8-8b66-bd30660db156 -> 0 detected, 0 kept, 0 violation(s), 0 sighting(s), 0 incident(s)
16:18:46 INFO    app.workers.frame_worker | frame from camera 05ed7642-ff08-461f-b28f-2db08148c611 -> 0 detected, 0 kept, 0 violation(s), 0 sighting(s), 0 incident(s)
16:18:46 INFO    app.workers.frame_worker | frame from camera 55858868-8e25-47b8-8b66-bd30660db156 -> 0 detected, 0 kept, 0 violation(s), 0 sighting(s), 0 incident(s)
16:18:48 INFO    app.workers.frame_worker | frame from camera 05ed7642-ff08-461f-b28f-2db08148c611 -> 0 detected, 0 kept, 0 violation(s), 0 sighting(s), 0 incident(s)
16:18:48 INFO    app.workers.frame_worker | frame from camera 55858868-8e25-47b8-8b66-bd30660db156 -> 0 detected, 0 kept, 0 violation(s), 0 sighting(s), 0 incident(s)
16:18:50 INFO    app.workers.frame_worker | frame from camera 05ed7642-ff08-461f-b28f-2db08148c611 -> 0 detected, 0 kept, 0 violation(s), 0 sighting(s), 0 incident(s)
16:18:50 INFO    app.workers.frame_worker | frame from camera 55858868-8e25-47b8-8b66-bd30660db156 -> 0 detected, 0 kept, 0 violation(s), 0 sighting(s), 0 incident(s)
16:18:52 INFO    app.workers.frame_worker | frame from camera 05ed7642-ff08-461f-b28f-2db08148c611 -> 0 detected, 0 kept, 0 violation(s), 0 sighting(s), 0 incident(s)
16:18:53 INFO    app.workers.frame_worker | frame from camera 55858868-8e25-47b8-8b66-bd30660db156 -> 0 detected, 0 kept, 0 violation(s), 0 sighting(s), 0 incident(s)
16:18:54 INFO    app.services.ingest | no detections - saved a sample frame to logs/frames/111853_05ed7642_10388b.jpg (10388 bytes)
16:18:54 INFO    app.workers.frame_worker | frame from camera 05ed7642-ff08-461f-b28f-2db08148c611 -> 0 detected, 0 kept, 0 violation(s), 0 sighting(s), 0 incident(s)
16:18:55 INFO    app.services.ingest | no detections - saved a sample frame to logs/frames/111855_55858868_85856b.jpg (85856 bytes)
16:18:55 INFO    app.workers.frame_worker | frame from camera 55858868-8e25-47b8-8b66-bd30660db156 -> 0 detected, 0 kept, 0 violation(s), 0 sighting(s), 0 incident(s)
16:18:56 INFO    app.workers.frame_worker | frame from camera 55858868-8e25-47b8-8b66-bd30660db156 -> 0 detected, 0 kept, 0 violation(s), 0 sighting(s), 0 incident(s)
16:18:56 INFO    app.workers.frame_worker | frame from camera 05ed7642-ff08-461f-b28f-2db08148c611 -> 0 detected, 0 kept, 0 violation(s), 0 sighting(s), 0 incident(s)
16:18:57 INFO    app.workers.frame_worker | frame from camera 55858868-8e25-47b8-8b66-bd30660db156 -> 0 detected, 0 kept, 0 violation(s), 0 sighting(s), 0 incident(s)
16:18:58 INFO    app.workers.frame_worker | frame from camera 55858868-8e25-47b8-8b66-bd30660db156 -> 0 detected, 0 kept, 0 violation(s), 0 sighting(s), 0 incident(s)
16:18:58 INFO    app.workers.frame_worker | frame from camera 05ed7642-ff08-461f-b28f-2db08148c611 -> 0 detected, 0 kept, 0 violation(s), 0 sighting(s), 0 incident(s)
16:18:59 INFO    app.workers.frame_worker | frame from camera 55858868-8e25-47b8-8b66-bd30660db156 -> 0 detected, 0 kept, 0 violation(s), 0 sighting(s), 0 incident(s)
16:19:00 INFO    app.workers.frame_worker | frame from camera 05ed7642-ff08-461f-b28f-2db08148c611 -> 0 detected, 0 kept, 0 violation(s), 0 sighting(s), 0 incident(s)
16:19:01 INFO    app.workers.frame_worker | frame from camera 55858868-8e25-47b8-8b66-bd30660db156 -> 0 detected, 0 kept, 0 violation(s), 0 sighting(s), 0 incident(s)
16:19:03 INFO    app.workers.frame_worker | frame from camera 05ed7642-ff08-461f-b28f-2db08148c611 -> 0 detected, 0 kept, 0 violation(s), 0 sighting(s), 0 incident(s)
16:19:03 INFO    app.workers.frame_worker | frame from camera 55858868-8e25-47b8-8b66-bd30660db156 -> 0 detected, 0 kept, 0 violation(s), 0 sighting(s), 0 incident(s)
16:19:05 INFO    app.workers.frame_worker | frame from camera 05ed7642-ff08-461f-b28f-2db08148c611 -> 0 detected, 0 kept, 0 violation(s), 0 sighting(s), 0 incident(s)
16:19:05 INFO    app.workers.frame_worker | frame from camera 55858868-8e25-47b8-8b66-bd30660db156 -> 0 detected, 0 kept, 0 violation(s), 0 sighting(s), 0 incident(s)
16:19:07 INFO    app.workers.frame_worker | frame from camera 05ed7642-ff08-461f-b28f-2db08148c611 -> 0 detected, 0 kept, 0 violation(s), 0 sighting(s), 0 incident(s)
16:19:07 INFO    app.workers.frame_worker | frame from camera 55858868-8e25-47b8-8b66-bd30660db156 -> 0 detected, 0 kept, 0 violation(s), 0 sighting(s), 0 incident(s)
16:19:08 INFO    app.workers.frame_worker | frame from camera 55858868-8e25-47b8-8b66-bd30660db156 -> 0 detected, 0 kept, 0 violation(s), 0 sighting(s), 0 incident(s)
16:19:09 INFO    app.workers.frame_worker | frame from camera 05ed7642-ff08-461f-b28f-2db08148c611 -> 0 detected, 0 kept, 0 violation(s), 0 sighting(s), 0 incident(s)
16:19:10 INFO    app.workers.frame_worker | frame from camera 55858868-8e25-47b8-8b66-bd30660db156 -> 0 detected, 0 kept, 0 violation(s), 0 sighting(s), 0 incident(s)
16:19:11 INFO    app.services.ingest | no detections - saved a sample frame to logs/frames/111911_55858868_108388b.jpg (108388 bytes)
16:19:11 INFO    app.workers.frame_worker | frame from camera 55858868-8e25-47b8-8b66-bd30660db156 -> 0 detected, 0 kept, 0 violation(s), 0 sighting(s), 0 incident(s)
16:19:11 INFO    app.services.ingest | no detections - saved a sample frame to logs/frames/111910_05ed7642_10388b.jpg (10388 bytes)
16:19:11 INFO    app.workers.frame_worker | frame from camera 05ed7642-ff08-461f-b28f-2db08148c611 -> 0 detected, 0 kept, 0 violation(s), 0 sighting(s), 0 incident(s)
16:19:12 INFO    app.workers.frame_worker | frame from camera 55858868-8e25-47b8-8b66-bd30660db156 -> 0 detected, 0 kept, 0 violation(s), 0 sighting(s), 0 incident(s)
16:19:13 INFO    app.workers.frame_worker | frame from camera 55858868-8e25-47b8-8b66-bd30660db156 -> 0 detected, 0 kept, 0 violation(s), 0 sighting(s), 0 incident(s)
16:19:13 INFO    app.workers.frame_worker | frame from camera 05ed7642-ff08-461f-b28f-2db08148c611 -> 0 detected, 0 kept, 0 violation(s), 0 sighting(s), 0 incident(s)
16:19:15 INFO    app.workers.frame_worker | frame from camera 05ed7642-ff08-461f-b28f-2db08148c611 -> 0 detected, 0 kept, 0 violation(s), 0 sighting(s), 0 incident(s)
16:19:18 INFO    app.workers.frame_worker | frame from camera 05ed7642-ff08-461f-b28f-2db08148c611 -> 0 detected, 0 kept, 0 violation(s), 0 sighting(s), 0 incident(s)
16:19:20 INFO    app.workers.frame_worker | frame from camera 05ed7642-ff08-461f-b28f-2db08148c611 -> 0 detected, 0 kept, 0 violation(s), 0 sighting(s), 0 incident(s)
16:19:22 INFO    app.core.events | ws client disconnected (6 left)
16:19:22 INFO    app.core.events | ws client connected (7 total)
16:19:22 INFO    app.workers.frame_worker | frame from camera 05ed7642-ff08-461f-b28f-2db08148c611 -> 0 detected, 0 kept, 0 violation(s), 0 sighting(s), 0 incident(s)
16:19:23 INFO    app.core.events | ws client disconnected (6 left)
16:19:23 INFO    app.core.events | ws client disconnected (5 left)
16:19:23 INFO    app.core.events | ws client disconnected (4 left)
16:19:23 INFO    app.core.events | ws client connected (5 total)
16:19:23 INFO    app.core.events | ws client connected (6 total)
16:19:23 INFO    app.core.events | ws client connected (7 total)
16:19:24 INFO    app.core.events | ws client disconnected (6 left)
16:19:24 INFO    app.core.events | ws client connected (7 total)
16:19:24 INFO    app.workers.frame_worker | frame from camera 05ed7642-ff08-461f-b28f-2db08148c611 -> 0 detected, 0 kept, 0 violation(s), 0 sighting(s), 0 incident(s)
16:19:26 INFO    app.workers.frame_worker | frame from camera 05ed7642-ff08-461f-b28f-2db08148c611 -> 0 detected, 0 kept, 0 violation(s), 0 sighting(s), 0 incident(s)
16:19:28 INFO    app.services.ingest | no detections - saved a sample frame to logs/frames/111927_05ed7642_10388b.jpg (10388 bytes)
16:19:28 INFO    app.workers.frame_worker | frame from camera 05ed7642-ff08-461f-b28f-2db08148c611 -> 0 detected, 0 kept, 0 violation(s), 0 sighting(s), 0 incident(s)
16:19:30 INFO    app.workers.frame_worker | frame from camera 05ed7642-ff08-461f-b28f-2db08148c611 -> 0 detected, 0 kept, 0 violation(s), 0 sighting(s), 0 incident(s)
16:19:33 INFO    app.workers.frame_worker | frame from camera 05ed7642-ff08-461f-b28f-2db08148c611 -> 0 detected, 0 kept, 0 violation(s), 0 sighting(s), 0 incident(s)
16:19:35 INFO    app.workers.frame_worker | frame from camera 05ed7642-ff08-461f-b28f-2db08148c611 -> 0 detected, 0 kept, 0 violation(s), 0 sighting(s), 0 incident(s)
16:19:37 INFO    app.workers.frame_worker | frame from camera 05ed7642-ff08-461f-b28f-2db08148c611 -> 0 detected, 0 kept, 0 violation(s), 0 sighting(s), 0 incident(s)
16:19:39 INFO    app.workers.frame_worker | frame from camera 05ed7642-ff08-461f-b28f-2db08148c611 -> 0 detected, 0 kept, 0 violation(s), 0 sighting(s), 0 incident(s)
16:19:41 INFO    app.workers.frame_worker | frame from camera 05ed7642-ff08-461f-b28f-2db08148c611 -> 0 detected, 0 kept, 0 violation(s), 0 sighting(s), 0 incident(s)
16:19:43 INFO    app.workers.frame_worker | frame from camera 05ed7642-ff08-461f-b28f-2db08148c611 -> 0 detected, 0 kept, 0 violation(s), 0 sighting(s), 0 incident(s)
16:19:45 INFO    app.services.ingest | no detections - saved a sample frame to logs/frames/111944_05ed7642_10388b.jpg (10388 bytes)
16:19:45 INFO    app.workers.frame_worker | frame from camera 05ed7642-ff08-461f-b28f-2db08148c611 -> 0 detected, 0 kept, 0 violation(s), 0 sighting(s), 0 incident(s)
16:19:47 INFO    app.workers.frame_worker | frame from camera 05ed7642-ff08-461f-b28f-2db08148c611 -> 0 detected, 0 kept, 0 violation(s), 0 sighting(s), 0 incident(s)
16:19:50 INFO    app.workers.frame_worker | frame from camera 05ed7642-ff08-461f-b28f-2db08148c611 -> 0 detected, 0 kept, 0 violation(s), 0 sighting(s), 0 incident(s)
16:19:52 INFO    app.workers.frame_worker | frame from camera 05ed7642-ff08-461f-b28f-2db08148c611 -> 0 detected, 0 kept, 0 violation(s), 0 sighting(s), 0 incident(s)
16:19:54 INFO    app.workers.frame_worker | frame from camera 05ed7642-ff08-461f-b28f-2db08148c611 -> 0 detected, 0 kept, 0 violation(s), 0 sighting(s), 0 incident(s)
16:19:56 INFO    app.workers.frame_worker | frame from camera 05ed7642-ff08-461f-b28f-2db08148c611 -> 0 detected, 0 kept, 0 violation(s), 0 sighting(s), 0 incident(s)
16:19:58 INFO    app.workers.frame_worker | frame from camera 05ed7642-ff08-461f-b28f-2db08148c611 -> 0 detected, 0 kept, 0 violation(s), 0 sighting(s), 0 incident(s)
16:20:00 INFO    app.workers.frame_worker | frame from camera 05ed7642-ff08-461f-b28f-2db08148c611 -> 0 detected, 0 kept, 0 violation(s), 0 sighting(s), 0 incident(s)
16:20:02 INFO    app.services.ingest | no detections - saved a sample frame to logs/frames/112001_05ed7642_10388b.jpg (10388 bytes)
16:20:02 INFO    app.workers.frame_worker | frame from camera 05ed7642-ff08-461f-b28f-2db08148c611 -> 0 detected, 0 kept, 0 violation(s), 0 sighting(s), 0 incident(s)
16:20:05 INFO    app.workers.frame_worker | frame from camera 05ed7642-ff08-461f-b28f-2db08148c611 -> 0 detected, 0 kept, 0 violation(s), 0 sighting(s), 0 incident(s)
16:20:07 INFO    app.workers.frame_worker | frame from camera 05ed7642-ff08-461f-b28f-2db08148c611 -> 0 detected, 0 kept, 0 violation(s), 0 sighting(s), 0 incident(s)
16:20:09 INFO    app.workers.frame_worker | frame from camera 05ed7642-ff08-461f-b28f-2db08148c611 -> 0 detected, 0 kept, 0 violation(s), 0 sighting(s), 0 incident(s)
16:20:11 INFO    app.workers.frame_worker | frame from camera 05ed7642-ff08-461f-b28f-2db08148c611 -> 0 detected, 0 kept, 0 violation(s), 0 sighting(s), 0 incident(s)
16:20:13 INFO    app.workers.frame_worker | frame from camera 05ed7642-ff08-461f-b28f-2db08148c611 -> 0 detected, 0 kept, 0 violation(s), 0 sighting(s), 0 incident(s)
16:20:15 INFO    app.workers.frame_worker | frame from camera 05ed7642-ff08-461f-b28f-2db08148c611 -> 0 detected, 0 kept, 0 violation(s), 0 sighting(s), 0 incident(s)
16:20:17 INFO    app.services.ingest | no detections - saved a sample frame to logs/frames/112016_05ed7642_10388b.jpg (10388 bytes)
16:20:17 INFO    app.workers.frame_worker | frame from camera 05ed7642-ff08-461f-b28f-2db08148c611 -> 0 detected, 0 kept, 0 violation(s), 0 sighting(s), 0 incident(s)
16:24:48 INFO    app.services.ingest | no detections - saved a sample frame to logs/frames/112446_05ed7642_52443b.jpg (52443 bytes)
16:24:48 INFO    app.workers.frame_worker | frame from camera 05ed7642-ff08-461f-b28f-2db08148c611 -> 0 detected, 0 kept, 0 violation(s), 0 sighting(s), 0 incident(s)
16:24:49 INFO    app.workers.frame_worker | frame from camera 05ed7642-ff08-461f-b28f-2db08148c611 -> 0 detected, 0 kept, 0 violation(s), 0 sighting(s), 0 incident(s)
16:24:50 INFO    app.workers.frame_worker | frame from camera 05ed7642-ff08-461f-b28f-2db08148c611 -> 0 detected, 0 kept, 0 violation(s), 0 sighting(s), 0 incident(s)
16:24:52 INFO    app.workers.frame_worker | frame from camera 05ed7642-ff08-461f-b28f-2db08148c611 -> 0 detected, 0 kept, 0 violation(s), 0 sighting(s), 0 incident(s)
16:24:53 INFO    app.workers.frame_worker | frame from camera 05ed7642-ff08-461f-b28f-2db08148c611 -> 0 detected, 0 kept, 0 violation(s), 0 sighting(s), 0 incident(s)
16:24:54 INFO    app.workers.frame_worker | frame from camera 05ed7642-ff08-461f-b28f-2db08148c611 -> 0 detected, 0 kept, 0 violation(s), 0 sighting(s), 0 incident(s)
16:24:55 INFO    app.workers.frame_worker | frame from camera 05ed7642-ff08-461f-b28f-2db08148c611 -> 0 detected, 0 kept, 0 violation(s), 0 sighting(s), 0 incident(s)
16:24:56 INFO    app.workers.frame_worker | frame from camera 05ed7642-ff08-461f-b28f-2db08148c611 -> 0 detected, 0 kept, 0 violation(s), 0 sighting(s), 0 incident(s)
16:24:58 INFO    app.workers.frame_worker | frame from camera 05ed7642-ff08-461f-b28f-2db08148c611 -> 0 detected, 0 kept, 0 violation(s), 0 sighting(s), 0 incident(s)
16:24:59 INFO    app.workers.frame_worker | frame from camera 05ed7642-ff08-461f-b28f-2db08148c611 -> 0 detected, 0 kept, 0 violation(s), 0 sighting(s), 0 incident(s)
16:25:10 INFO    app.services.ingest | no detections - saved a sample frame to logs/frames/112508_05ed7642_87210b.jpg (87210 bytes)
16:25:10 INFO    app.workers.frame_worker | frame from camera 05ed7642-ff08-461f-b28f-2db08148c611 -> 0 detected, 0 kept, 0 violation(s), 0 sighting(s), 0 incident(s)
16:25:11 INFO    app.workers.frame_worker | frame from camera 05ed7642-ff08-461f-b28f-2db08148c611 -> 0 detected, 0 kept, 0 violation(s), 0 sighting(s), 0 incident(s)
16:25:12 INFO    app.workers.frame_worker | frame from camera 05ed7642-ff08-461f-b28f-2db08148c611 -> 0 detected, 0 kept, 0 violation(s), 0 sighting(s), 0 incident(s)
16:25:14 INFO    app.workers.frame_worker | frame from camera 05ed7642-ff08-461f-b28f-2db08148c611 -> 0 detected, 0 kept, 0 violation(s), 0 sighting(s), 0 incident(s)
16:25:15 INFO    app.workers.frame_worker | frame from camera 05ed7642-ff08-461f-b28f-2db08148c611 -> 0 detected, 0 kept, 0 violation(s), 0 sighting(s), 0 incident(s)
16:25:17 INFO    app.workers.frame_worker | frame from camera 05ed7642-ff08-461f-b28f-2db08148c611 -> 0 detected, 0 kept, 0 violation(s), 0 sighting(s), 0 incident(s)
16:25:18 INFO    app.workers.frame_worker | frame from camera 05ed7642-ff08-461f-b28f-2db08148c611 -> 0 detected, 0 kept, 0 violation(s), 0 sighting(s), 0 incident(s)
16:25:19 INFO    app.workers.frame_worker | frame from camera 05ed7642-ff08-461f-b28f-2db08148c611 -> 0 detected, 0 kept, 0 violation(s), 0 sighting(s), 0 incident(s)
16:25:20 INFO    app.workers.frame_worker | frame from camera 05ed7642-ff08-461f-b28f-2db08148c611 -> 0 detected, 0 kept, 0 violation(s), 0 sighting(s), 0 incident(s)
16:25:22 INFO    app.workers.frame_worker | frame from camera 05ed7642-ff08-461f-b28f-2db08148c611 -> 0 detected, 0 kept, 0 violation(s), 0 sighting(s), 0 incident(s)
16:25:23 INFO    app.workers.frame_worker | frame from camera 05ed7642-ff08-461f-b28f-2db08148c611 -> 0 detected, 0 kept, 0 violation(s), 0 sighting(s), 0 incident(s)
16:25:25 INFO    app.services.ingest | no detections - saved a sample frame to logs/frames/112523_05ed7642_157294b.jpg (157294 bytes)
16:25:25 INFO    app.workers.frame_worker | frame from camera 05ed7642-ff08-461f-b28f-2db08148c611 -> 0 detected, 0 kept, 0 violation(s), 0 sighting(s), 0 incident(s)
16:25:26 INFO    app.workers.frame_worker | frame from camera 05ed7642-ff08-461f-b28f-2db08148c611 -> 0 detected, 0 kept, 0 violation(s), 0 sighting(s), 0 incident(s)
16:25:28 INFO    app.workers.frame_worker | frame from camera 05ed7642-ff08-461f-b28f-2db08148c611 -> 0 detected, 0 kept, 0 violation(s), 0 sighting(s), 0 incident(s)
16:25:29 INFO    app.workers.frame_worker | frame from camera 05ed7642-ff08-461f-b28f-2db08148c611 -> 0 detected, 0 kept, 0 violation(s), 0 sighting(s), 0 incident(s)
16:25:31 INFO    app.workers.frame_worker | frame from camera 05ed7642-ff08-461f-b28f-2db08148c611 -> 0 detected, 0 kept, 0 violation(s), 0 sighting(s), 0 incident(s)
16:25:32 INFO    app.workers.frame_worker | frame from camera 05ed7642-ff08-461f-b28f-2db08148c611 -> 0 detected, 0 kept, 0 violation(s), 0 sighting(s), 0 incident(s)
16:25:33 INFO    app.workers.frame_worker | frame from camera 05ed7642-ff08-461f-b28f-2db08148c611 -> 0 detected, 0 kept, 0 violation(s), 0 sighting(s), 0 incident(s)
16:25:34 INFO    app.workers.frame_worker | frame from camera 05ed7642-ff08-461f-b28f-2db08148c611 -> 0 detected, 0 kept, 0 violation(s), 0 sighting(s), 0 incident(s)
16:25:36 INFO    app.workers.frame_worker | frame from camera 05ed7642-ff08-461f-b28f-2db08148c611 -> 0 detected, 0 kept, 0 violation(s), 0 sighting(s), 0 incident(s)
16:25:37 INFO    app.workers.frame_worker | frame from camera 05ed7642-ff08-461f-b28f-2db08148c611 -> 0 detected, 0 kept, 0 violation(s), 0 sighting(s), 0 incident(s)
16:25:39 INFO    app.workers.frame_worker | frame from camera 05ed7642-ff08-461f-b28f-2db08148c611 -> 0 detected, 0 kept, 0 violation(s), 0 sighting(s), 0 incident(s)
16:25:41 INFO    app.services.ingest | no detections - saved a sample frame to logs/frames/112539_05ed7642_99175b.jpg (99175 bytes)
16:25:41 INFO    app.workers.frame_worker | frame from camera 05ed7642-ff08-461f-b28f-2db08148c611 -> 0 detected, 0 kept, 0 violation(s), 0 sighting(s), 0 incident(s)
16:25:42 INFO    app.workers.frame_worker | frame from camera 05ed7642-ff08-461f-b28f-2db08148c611 -> 0 detected, 0 kept, 0 violation(s), 0 sighting(s), 0 incident(s)
16:25:43 INFO    app.workers.frame_worker | frame from camera 05ed7642-ff08-461f-b28f-2db08148c611 -> 0 detected, 0 kept, 0 violation(s), 0 sighting(s), 0 incident(s)
16:25:45 INFO    app.workers.frame_worker | frame from camera 05ed7642-ff08-461f-b28f-2db08148c611 -> 0 detected, 0 kept, 0 violation(s), 0 sighting(s), 0 incident(s)
16:25:46 INFO    app.workers.frame_worker | frame from camera 05ed7642-ff08-461f-b28f-2db08148c611 -> 0 detected, 0 kept, 0 violation(s), 0 sighting(s), 0 incident(s)
16:25:47 INFO    app.workers.frame_worker | frame from camera 05ed7642-ff08-461f-b28f-2db08148c611 -> 0 detected, 0 kept, 0 violation(s), 0 sighting(s), 0 incident(s)
16:25:49 INFO    app.workers.frame_worker | frame from camera 05ed7642-ff08-461f-b28f-2db08148c611 -> 0 detected, 0 kept, 0 violation(s), 0 sighting(s), 0 incident(s)
16:25:50 INFO    app.workers.frame_worker | frame from camera 05ed7642-ff08-461f-b28f-2db08148c611 -> 0 detected, 0 kept, 0 violation(s), 0 sighting(s), 0 incident(s)
16:25:51 INFO    app.workers.frame_worker | frame from camera 05ed7642-ff08-461f-b28f-2db08148c611 -> 0 detected, 0 kept, 0 violation(s), 0 sighting(s), 0 incident(s)
16:26:09 INFO    app.core.events | ws client disconnected (6 left)
16:26:09 INFO    app.core.events | ws client disconnected (5 left)
16:26:09 INFO    app.api.routes.cameras | camera claimed: Camera 2 — Tipu Sultan Rd (55858868-8e25-47b8-8b66-bd30660db156)
16:26:09 INFO    app.core.events | ws client connected (6 total)
16:26:09 INFO    app.core.events | ws client connected (7 total)
16:26:11 INFO    app.api.routes.cameras | camera Camera 2 — Tipu Sultan Rd moved to 25.003181, 67.043295 (accuracy None m)
16:26:22 INFO    app.services.ingest | no detections - saved a sample frame to logs/frames/112622_55858868_65844b.jpg (65844 bytes)
16:26:22 INFO    app.workers.frame_worker | frame from camera 55858868-8e25-47b8-8b66-bd30660db156 -> 0 detected, 0 kept, 0 violation(s), 0 sighting(s), 0 incident(s)
16:26:32 INFO    app.workers.frame_worker | frame from camera 55858868-8e25-47b8-8b66-bd30660db156 -> 0 detected, 0 kept, 0 violation(s), 0 sighting(s), 0 incident(s)
16:26:33 INFO    app.workers.frame_worker | frame from camera 55858868-8e25-47b8-8b66-bd30660db156 -> 0 detected, 0 kept, 0 violation(s), 0 sighting(s), 0 incident(s)
16:26:34 INFO    app.workers.frame_worker | frame from camera 55858868-8e25-47b8-8b66-bd30660db156 -> 0 detected, 0 kept, 0 violation(s), 0 sighting(s), 0 incident(s)
16:26:35 INFO    app.workers.frame_worker | frame from camera 55858868-8e25-47b8-8b66-bd30660db156 -> 0 detected, 0 kept, 0 violation(s), 0 sighting(s), 0 incident(s)
16:26:37 INFO    app.workers.frame_worker | frame from camera 55858868-8e25-47b8-8b66-bd30660db156 -> 0 detected, 0 kept, 0 violation(s), 0 sighting(s), 0 incident(s)
16:26:38 INFO    app.services.ingest | no detections - saved a sample frame to logs/frames/112638_55858868_111819b.jpg (111819 bytes)
16:26:38 INFO    app.workers.frame_worker | frame from camera 55858868-8e25-47b8-8b66-bd30660db156 -> 0 detected, 0 kept, 0 violation(s), 0 sighting(s), 0 incident(s)
16:26:48 INFO    app.workers.frame_worker | frame from camera 55858868-8e25-47b8-8b66-bd30660db156 -> 0 detected, 0 kept, 0 violation(s), 0 sighting(s), 0 incident(s)
16:26:49 INFO    app.workers.frame_worker | frame from camera 55858868-8e25-47b8-8b66-bd30660db156 -> 0 detected, 0 kept, 0 violation(s), 0 sighting(s), 0 incident(s)
16:26:50 INFO    app.workers.frame_worker | frame from camera 55858868-8e25-47b8-8b66-bd30660db156 -> 0 detected, 0 kept, 0 violation(s), 0 sighting(s), 0 incident(s)
16:26:51 INFO    app.workers.frame_worker | frame from camera 55858868-8e25-47b8-8b66-bd30660db156 -> 0 detected, 0 kept, 0 violation(s), 0 sighting(s), 0 incident(s)
16:26:53 INFO    app.workers.frame_worker | frame from camera 55858868-8e25-47b8-8b66-bd30660db156 -> 0 detected, 0 kept, 0 violation(s), 0 sighting(s), 0 incident(s)
16:26:55 INFO    app.services.ingest | no detections - saved a sample frame to logs/frames/112655_55858868_93907b.jpg (93907 bytes)
16:26:55 INFO    app.workers.frame_worker | frame from camera 55858868-8e25-47b8-8b66-bd30660db156 -> 0 detected, 0 kept, 0 violation(s), 0 sighting(s), 0 incident(s)
16:26:56 INFO    app.workers.frame_worker | frame from camera 55858868-8e25-47b8-8b66-bd30660db156 -> 0 detected, 0 kept, 0 violation(s), 0 sighting(s), 0 incident(s)
16:26:57 INFO    app.workers.frame_worker | frame from camera 55858868-8e25-47b8-8b66-bd30660db156 -> 0 detected, 0 kept, 0 violation(s), 0 sighting(s), 0 incident(s)
16:26:59 INFO    app.workers.frame_worker | frame from camera 55858868-8e25-47b8-8b66-bd30660db156 -> 0 detected, 0 kept, 0 violation(s), 0 sighting(s), 0 incident(s)
16:27:00 INFO    app.workers.frame_worker | frame from camera 55858868-8e25-47b8-8b66-bd30660db156 -> 0 detected, 0 kept, 0 violation(s), 0 sighting(s), 0 incident(s)
16:27:01 INFO    app.workers.frame_worker | frame from camera 55858868-8e25-47b8-8b66-bd30660db156 -> 0 detected, 0 kept, 0 violation(s), 0 sighting(s), 0 incident(s)
16:27:03 INFO    app.workers.frame_worker | frame from camera 55858868-8e25-47b8-8b66-bd30660db156 -> 0 detected, 0 kept, 0 violation(s), 0 sighting(s), 0 incident(s)
16:27:06 INFO    app.workers.frame_worker | frame from camera 55858868-8e25-47b8-8b66-bd30660db156 -> 0 detected, 0 kept, 0 violation(s), 0 sighting(s), 0 incident(s)
16:27:08 INFO    app.workers.frame_worker | frame from camera 55858868-8e25-47b8-8b66-bd30660db156 -> 0 detected, 0 kept, 0 violation(s), 0 sighting(s), 0 incident(s)
16:27:10 INFO    app.services.ingest | no detections - saved a sample frame to logs/frames/112710_55858868_112450b.jpg (112450 bytes)
16:27:10 INFO    app.workers.frame_worker | frame from camera 55858868-8e25-47b8-8b66-bd30660db156 -> 0 detected, 0 kept, 0 violation(s), 0 sighting(s), 0 incident(s)
16:27:12 INFO    app.workers.frame_worker | frame from camera 55858868-8e25-47b8-8b66-bd30660db156 -> 0 detected, 0 kept, 0 violation(s), 0 sighting(s), 0 incident(s)
16:27:14 INFO    app.workers.frame_worker | frame from camera 55858868-8e25-47b8-8b66-bd30660db156 -> 0 detected, 0 kept, 0 violation(s), 0 sighting(s), 0 incident(s)
16:27:16 INFO    app.workers.frame_worker | frame from camera 55858868-8e25-47b8-8b66-bd30660db156 -> 0 detected, 0 kept, 0 violation(s), 0 sighting(s), 0 incident(s)
16:27:17 INFO    app.workers.frame_worker | frame from camera 55858868-8e25-47b8-8b66-bd30660db156 -> 0 detected, 0 kept, 0 violation(s), 0 sighting(s), 0 incident(s)
16:27:18 INFO    app.workers.frame_worker | frame from camera 55858868-8e25-47b8-8b66-bd30660db156 -> 0 detected, 0 kept, 0 violation(s), 0 sighting(s), 0 incident(s)
16:27:20 INFO    app.workers.frame_worker | frame from camera 55858868-8e25-47b8-8b66-bd30660db156 -> 0 detected, 0 kept, 0 violation(s), 0 sighting(s), 0 incident(s)
16:27:23 INFO    app.workers.frame_worker | frame from camera 55858868-8e25-47b8-8b66-bd30660db156 -> 0 detected, 0 kept, 0 violation(s), 0 sighting(s), 0 incident(s)
16:27:25 INFO    app.workers.frame_worker | frame from camera 55858868-8e25-47b8-8b66-bd30660db156 -> 0 detected, 0 kept, 0 violation(s), 0 sighting(s), 0 incident(s)
16:27:26 INFO    app.services.ingest | no detections - saved a sample frame to logs/frames/112726_55858868_113092b.jpg (113092 bytes)
16:27:26 INFO    app.workers.frame_worker | frame from camera 55858868-8e25-47b8-8b66-bd30660db156 -> 0 detected, 0 kept, 0 violation(s), 0 sighting(s), 0 incident(s)
16:27:27 INFO    app.workers.frame_worker | frame from camera 55858868-8e25-47b8-8b66-bd30660db156 -> 0 detected, 0 kept, 0 violation(s), 0 sighting(s), 0 incident(s)
16:27:29 INFO    app.workers.frame_worker | frame from camera 55858868-8e25-47b8-8b66-bd30660db156 -> 0 detected, 0 kept, 0 violation(s), 0 sighting(s), 0 incident(s)
16:27:36 INFO    app.core.events | ws client disconnected (6 left)
16:27:36 INFO    app.core.events | ws client connected (7 total)
16:27:38 INFO    app.core.events | ws client disconnected (6 left)
16:27:38 INFO    app.core.events | ws client connected (7 total)
16:27:59 INFO    app.core.events | ws client disconnected (6 left)
16:27:59 INFO    app.core.events | ws client connected (7 total)
16:27:59 INFO    app.core.events | ws client disconnected (6 left)
16:27:59 INFO    app.core.events | ws client connected (7 total)
16:28:20 INFO    app.core.events | ws client disconnected (6 left)
16:28:20 INFO    app.core.events | ws client disconnected (5 left)
16:28:20 INFO    app.core.events | ws client disconnected (4 left)
16:28:20 INFO    app.core.events | ws client connected (5 total)
16:28:20 INFO    app.core.events | ws client connected (6 total)
16:28:20 INFO    app.core.events | ws client connected (7 total)
16:29:01 INFO    app.core.events | ws client disconnected (6 left)
16:29:01 INFO    app.core.events | ws client disconnected (5 left)
16:30:57 WARNING app.api.routes.admin | DEMO RESET: 0 sightings and 0 crops deleted
16:32:44 INFO    app.core.events | ws client disconnected (4 left)
16:32:44 INFO    app.core.events | ws client disconnected (3 left)
16:32:55 INFO    app.core.events | ws client connected (4 total)
16:32:55 INFO    app.api.routes.cameras | camera claimed: Camera 1 — Shahrah-e-Faisal (05ed7642-ff08-461f-b28f-2db08148c611)
16:32:55 INFO    app.core.events | ws client connected (5 total)
16:33:13 INFO    app.core.events | ws client disconnected (4 left)
16:33:13 INFO    app.core.events | ws client disconnected (3 left)
16:33:13 INFO    app.api.routes.cameras | camera claimed: Camera 1 — Shahrah-e-Faisal (05ed7642-ff08-461f-b28f-2db08148c611)
16:33:13 INFO    app.core.events | ws client connected (4 total)
16:33:13 INFO    app.core.events | ws client connected (5 total)
16:33:13 INFO    app.core.events | ws client disconnected (4 left)
16:33:13 INFO    app.core.events | ws client disconnected (3 left)
16:33:14 INFO    app.api.routes.cameras | camera claimed: Camera 1 — Shahrah-e-Faisal (05ed7642-ff08-461f-b28f-2db08148c611)
16:33:14 INFO    app.core.events | ws client connected (4 total)
16:33:14 INFO    app.core.events | ws client connected (5 total)
16:33:18 INFO    app.api.routes.cameras | camera Camera 1 — Shahrah-e-Faisal moved to 25.010990, 67.040120 (accuracy None m)
16:33:20 INFO    app.services.ingest | no detections - saved a sample frame to logs/frames/113319_05ed7642_60207b.jpg (60207 bytes)
16:33:20 INFO    app.workers.frame_worker | frame from camera 05ed7642-ff08-461f-b28f-2db08148c611 -> 0 detected, 0 kept, 0 violation(s), 0 sighting(s), 0 incident(s)
16:33:40 INFO    app.services.ingest | no detections - saved a sample frame to logs/frames/113338_05ed7642_77786b.jpg (77786 bytes)
16:33:40 INFO    app.workers.frame_worker | frame from camera 05ed7642-ff08-461f-b28f-2db08148c611 -> 0 detected, 0 kept, 0 violation(s), 0 sighting(s), 0 incident(s)
16:33:41 INFO    app.workers.frame_worker | frame from camera 05ed7642-ff08-461f-b28f-2db08148c611 -> 0 detected, 0 kept, 0 violation(s), 0 sighting(s), 0 incident(s)
16:33:42 INFO    app.workers.frame_worker | frame from camera 05ed7642-ff08-461f-b28f-2db08148c611 -> 0 detected, 0 kept, 0 violation(s), 0 sighting(s), 0 incident(s)
16:33:43 INFO    app.workers.frame_worker | frame from camera 05ed7642-ff08-461f-b28f-2db08148c611 -> 0 detected, 0 kept, 0 violation(s), 0 sighting(s), 0 incident(s)
16:33:44 INFO    app.workers.frame_worker | frame from camera 05ed7642-ff08-461f-b28f-2db08148c611 -> 0 detected, 0 kept, 0 violation(s), 0 sighting(s), 0 incident(s)
16:33:46 INFO    app.workers.frame_worker | frame from camera 05ed7642-ff08-461f-b28f-2db08148c611 -> 0 detected, 0 kept, 0 violation(s), 0 sighting(s), 0 incident(s)
16:33:47 INFO    app.workers.frame_worker | frame from camera 05ed7642-ff08-461f-b28f-2db08148c611 -> 0 detected, 0 kept, 0 violation(s), 0 sighting(s), 0 incident(s)
16:34:01 INFO    app.services.ingest | no detections - saved a sample frame to logs/frames/113359_05ed7642_93650b.jpg (93650 bytes)
16:34:01 INFO    app.workers.frame_worker | frame from camera 05ed7642-ff08-461f-b28f-2db08148c611 -> 0 detected, 0 kept, 0 violation(s), 0 sighting(s), 0 incident(s)
16:34:02 INFO    app.workers.frame_worker | frame from camera 05ed7642-ff08-461f-b28f-2db08148c611 -> 0 detected, 0 kept, 0 violation(s), 0 sighting(s), 0 incident(s)
16:34:03 INFO    app.workers.frame_worker | frame from camera 05ed7642-ff08-461f-b28f-2db08148c611 -> 0 detected, 0 kept, 0 violation(s), 0 sighting(s), 0 incident(s)
16:34:04 INFO    app.workers.frame_worker | frame from camera 05ed7642-ff08-461f-b28f-2db08148c611 -> 0 detected, 0 kept, 0 violation(s), 0 sighting(s), 0 incident(s)
16:34:06 INFO    app.workers.frame_worker | frame from camera 05ed7642-ff08-461f-b28f-2db08148c611 -> 0 detected, 0 kept, 0 violation(s), 0 sighting(s), 0 incident(s)
16:34:07 INFO    app.workers.frame_worker | frame from camera 05ed7642-ff08-461f-b28f-2db08148c611 -> 0 detected, 0 kept, 0 violation(s), 0 sighting(s), 0 incident(s)
16:34:08 INFO    app.workers.frame_worker | frame from camera 05ed7642-ff08-461f-b28f-2db08148c611 -> 0 detected, 0 kept, 0 violation(s), 0 sighting(s), 0 incident(s)
16:34:09 INFO    app.workers.frame_worker | frame from camera 05ed7642-ff08-461f-b28f-2db08148c611 -> 0 detected, 0 kept, 0 violation(s), 0 sighting(s), 0 incident(s)
16:34:10 INFO    app.workers.frame_worker | frame from camera 05ed7642-ff08-461f-b28f-2db08148c611 -> 0 detected, 0 kept, 0 violation(s), 0 sighting(s), 0 incident(s)
16:34:11 INFO    app.workers.frame_worker | frame from camera 05ed7642-ff08-461f-b28f-2db08148c611 -> 0 detected, 0 kept, 0 violation(s), 0 sighting(s), 0 incident(s)
16:34:12 INFO    app.workers.frame_worker | frame from camera 05ed7642-ff08-461f-b28f-2db08148c611 -> 0 detected, 0 kept, 0 violation(s), 0 sighting(s), 0 incident(s)
16:34:14 INFO    app.workers.frame_worker | frame from camera 05ed7642-ff08-461f-b28f-2db08148c611 -> 0 detected, 0 kept, 0 violation(s), 0 sighting(s), 0 incident(s)
16:34:15 INFO    app.workers.frame_worker | frame from camera 05ed7642-ff08-461f-b28f-2db08148c611 -> 0 detected, 0 kept, 0 violation(s), 0 sighting(s), 0 incident(s)
16:34:16 INFO    app.services.ingest | no detections - saved a sample frame to logs/frames/113414_05ed7642_121984b.jpg (121984 bytes)
16:34:16 INFO    app.workers.frame_worker | frame from camera 05ed7642-ff08-461f-b28f-2db08148c611 -> 0 detected, 0 kept, 0 violation(s), 0 sighting(s), 0 incident(s)
16:34:17 INFO    app.workers.frame_worker | frame from camera 05ed7642-ff08-461f-b28f-2db08148c611 -> 0 detected, 0 kept, 0 violation(s), 0 sighting(s), 0 incident(s)
16:34:18 INFO    app.workers.frame_worker | frame from camera 05ed7642-ff08-461f-b28f-2db08148c611 -> 0 detected, 0 kept, 0 violation(s), 0 sighting(s), 0 incident(s)
16:34:20 INFO    app.workers.frame_worker | frame from camera 05ed7642-ff08-461f-b28f-2db08148c611 -> 0 detected, 0 kept, 0 violation(s), 0 sighting(s), 0 incident(s)
16:34:21 INFO    app.workers.frame_worker | frame from camera 05ed7642-ff08-461f-b28f-2db08148c611 -> 0 detected, 0 kept, 0 violation(s), 0 sighting(s), 0 incident(s)
16:34:22 INFO    app.workers.frame_worker | frame from camera 05ed7642-ff08-461f-b28f-2db08148c611 -> 0 detected, 0 kept, 0 violation(s), 0 sighting(s), 0 incident(s)
16:34:23 INFO    app.workers.frame_worker | frame from camera 05ed7642-ff08-461f-b28f-2db08148c611 -> 0 detected, 0 kept, 0 violation(s), 0 sighting(s), 0 incident(s)
16:34:24 INFO    app.workers.frame_worker | frame from camera 05ed7642-ff08-461f-b28f-2db08148c611 -> 0 detected, 0 kept, 0 violation(s), 0 sighting(s), 0 incident(s)
16:34:26 INFO    app.workers.frame_worker | frame from camera 05ed7642-ff08-461f-b28f-2db08148c611 -> 0 detected, 0 kept, 0 violation(s), 0 sighting(s), 0 incident(s)
16:34:28 INFO    app.workers.frame_worker | frame from camera 05ed7642-ff08-461f-b28f-2db08148c611 -> 0 detected, 0 kept, 0 violation(s), 0 sighting(s), 0 incident(s)
16:34:29 INFO    app.workers.frame_worker | frame from camera 05ed7642-ff08-461f-b28f-2db08148c611 -> 0 detected, 0 kept, 0 violation(s), 0 sighting(s), 0 incident(s)
16:34:30 INFO    app.workers.frame_worker | frame from camera 05ed7642-ff08-461f-b28f-2db08148c611 -> 0 detected, 0 kept, 0 violation(s), 0 sighting(s), 0 incident(s)
16:34:31 INFO    app.services.ingest | no detections - saved a sample frame to logs/frames/113429_05ed7642_124543b.jpg (124543 bytes)
16:34:31 INFO    app.workers.frame_worker | frame from camera 05ed7642-ff08-461f-b28f-2db08148c611 -> 0 detected, 0 kept, 0 violation(s), 0 sighting(s), 0 incident(s)
16:34:33 INFO    app.workers.frame_worker | frame from camera 05ed7642-ff08-461f-b28f-2db08148c611 -> 0 detected, 0 kept, 0 violation(s), 0 sighting(s), 0 incident(s)
16:34:34 INFO    app.workers.frame_worker | frame from camera 05ed7642-ff08-461f-b28f-2db08148c611 -> 0 detected, 0 kept, 0 violation(s), 0 sighting(s), 0 incident(s)
16:34:36 INFO    app.workers.frame_worker | frame from camera 05ed7642-ff08-461f-b28f-2db08148c611 -> 0 detected, 0 kept, 0 violation(s), 0 sighting(s), 0 incident(s)
16:34:37 INFO    app.workers.frame_worker | frame from camera 05ed7642-ff08-461f-b28f-2db08148c611 -> 0 detected, 0 kept, 0 violation(s), 0 sighting(s), 0 incident(s)
16:34:38 INFO    app.workers.frame_worker | frame from camera 05ed7642-ff08-461f-b28f-2db08148c611 -> 0 detected, 0 kept, 0 violation(s), 0 sighting(s), 0 incident(s)
16:34:39 INFO    app.workers.frame_worker | frame from camera 05ed7642-ff08-461f-b28f-2db08148c611 -> 0 detected, 0 kept, 0 violation(s), 0 sighting(s), 0 incident(s)
16:34:40 INFO    app.workers.frame_worker | frame from camera 05ed7642-ff08-461f-b28f-2db08148c611 -> 0 detected, 0 kept, 0 violation(s), 0 sighting(s), 0 incident(s)
16:34:41 INFO    app.workers.frame_worker | frame from camera 05ed7642-ff08-461f-b28f-2db08148c611 -> 0 detected, 0 kept, 0 violation(s), 0 sighting(s), 0 incident(s)
16:38:24 INFO    app.core.events | ws client connected (6 total)
16:38:24 INFO    app.api.routes.cameras | camera claimed: Camera 2 — Tipu Sultan Rd (55858868-8e25-47b8-8b66-bd30660db156)
16:38:24 INFO    app.core.events | ws client connected (7 total)
16:38:31 INFO    app.api.routes.cameras | camera Camera 2 — Tipu Sultan Rd moved to 25.003181, 67.043295 (accuracy None m)
16:38:34 INFO    app.services.ingest | no detections - saved a sample frame to logs/frames/113834_55858868_26043b.jpg (26043 bytes)
16:38:34 INFO    app.workers.frame_worker | frame from camera 55858868-8e25-47b8-8b66-bd30660db156 -> 0 detected, 0 kept, 0 violation(s), 0 sighting(s), 0 incident(s)
16:38:47 INFO    app.workers.frame_worker | frame from camera 55858868-8e25-47b8-8b66-bd30660db156 -> 0 detected, 0 kept, 0 violation(s), 0 sighting(s), 0 incident(s)
16:38:49 INFO    app.workers.frame_worker | frame from camera 55858868-8e25-47b8-8b66-bd30660db156 -> 0 detected, 0 kept, 0 violation(s), 0 sighting(s), 0 incident(s)
16:38:50 INFO    app.services.ingest | no detections - saved a sample frame to logs/frames/113850_55858868_90128b.jpg (90128 bytes)
16:38:50 INFO    app.workers.frame_worker | frame from camera 55858868-8e25-47b8-8b66-bd30660db156 -> 0 detected, 0 kept, 0 violation(s), 0 sighting(s), 0 incident(s)
16:38:51 INFO    app.workers.frame_worker | frame from camera 55858868-8e25-47b8-8b66-bd30660db156 -> 0 detected, 0 kept, 0 violation(s), 0 sighting(s), 0 incident(s)
16:38:52 INFO    app.workers.frame_worker | frame from camera 55858868-8e25-47b8-8b66-bd30660db156 -> 0 detected, 0 kept, 0 violation(s), 0 sighting(s), 0 incident(s)
16:38:54 INFO    app.workers.frame_worker | frame from camera 55858868-8e25-47b8-8b66-bd30660db156 -> 0 detected, 0 kept, 0 violation(s), 0 sighting(s), 0 incident(s)
16:38:55 INFO    app.workers.frame_worker | frame from camera 55858868-8e25-47b8-8b66-bd30660db156 -> 0 detected, 0 kept, 0 violation(s), 0 sighting(s), 0 incident(s)
16:39:05 INFO    app.workers.frame_worker | frame from camera 55858868-8e25-47b8-8b66-bd30660db156 -> 0 detected, 0 kept, 0 violation(s), 0 sighting(s), 0 incident(s)
16:39:06 INFO    app.services.ingest | no detections - saved a sample frame to logs/frames/113906_55858868_82393b.jpg (82393 bytes)
16:39:06 INFO    app.workers.frame_worker | frame from camera 55858868-8e25-47b8-8b66-bd30660db156 -> 0 detected, 0 kept, 0 violation(s), 0 sighting(s), 0 incident(s)
16:39:07 INFO    app.workers.frame_worker | frame from camera 55858868-8e25-47b8-8b66-bd30660db156 -> 0 detected, 0 kept, 0 violation(s), 0 sighting(s), 0 incident(s)
16:39:08 INFO    app.workers.frame_worker | frame from camera 55858868-8e25-47b8-8b66-bd30660db156 -> 0 detected, 0 kept, 0 violation(s), 0 sighting(s), 0 incident(s)
16:39:09 INFO    app.workers.frame_worker | frame from camera 55858868-8e25-47b8-8b66-bd30660db156 -> 0 detected, 0 kept, 0 violation(s), 0 sighting(s), 0 incident(s)
16:39:11 INFO    app.workers.frame_worker | frame from camera 55858868-8e25-47b8-8b66-bd30660db156 -> 0 detected, 0 kept, 0 violation(s), 0 sighting(s), 0 incident(s)
16:39:12 INFO    app.workers.frame_worker | frame from camera 55858868-8e25-47b8-8b66-bd30660db156 -> 0 detected, 0 kept, 0 violation(s), 0 sighting(s), 0 incident(s)
16:39:13 INFO    app.workers.frame_worker | frame from camera 55858868-8e25-47b8-8b66-bd30660db156 -> 0 detected, 0 kept, 0 violation(s), 0 sighting(s), 0 incident(s)
16:39:14 INFO    app.workers.frame_worker | frame from camera 55858868-8e25-47b8-8b66-bd30660db156 -> 0 detected, 0 kept, 0 violation(s), 0 sighting(s), 0 incident(s)
16:39:16 INFO    app.workers.frame_worker | frame from camera 55858868-8e25-47b8-8b66-bd30660db156 -> 0 detected, 0 kept, 0 violation(s), 0 sighting(s), 0 incident(s)
16:39:17 INFO    app.workers.frame_worker | frame from camera 55858868-8e25-47b8-8b66-bd30660db156 -> 0 detected, 0 kept, 0 violation(s), 0 sighting(s), 0 incident(s)
16:39:18 INFO    app.workers.frame_worker | frame from camera 55858868-8e25-47b8-8b66-bd30660db156 -> 0 detected, 0 kept, 0 violation(s), 0 sighting(s), 0 incident(s)
16:39:20 INFO    app.workers.frame_worker | frame from camera 55858868-8e25-47b8-8b66-bd30660db156 -> 0 detected, 0 kept, 0 violation(s), 0 sighting(s), 0 incident(s)
16:39:22 INFO    app.services.ingest | no detections - saved a sample frame to logs/frames/113922_55858868_89996b.jpg (89996 bytes)
16:39:22 INFO    app.workers.frame_worker | frame from camera 55858868-8e25-47b8-8b66-bd30660db156 -> 0 detected, 0 kept, 0 violation(s), 0 sighting(s), 0 incident(s)
16:39:25 INFO    app.workers.frame_worker | frame from camera 55858868-8e25-47b8-8b66-bd30660db156 -> 0 detected, 0 kept, 0 violation(s), 0 sighting(s), 0 incident(s)
16:39:27 INFO    app.workers.frame_worker | frame from camera 55858868-8e25-47b8-8b66-bd30660db156 -> 0 detected, 0 kept, 0 violation(s), 0 sighting(s), 0 incident(s)
16:39:28 INFO    app.workers.frame_worker | frame from camera 55858868-8e25-47b8-8b66-bd30660db156 -> 0 detected, 0 kept, 0 violation(s), 0 sighting(s), 0 incident(s)
16:39:29 INFO    app.workers.frame_worker | frame from camera 55858868-8e25-47b8-8b66-bd30660db156 -> 0 detected, 0 kept, 0 violation(s), 0 sighting(s), 0 incident(s)
16:39:30 INFO    app.workers.frame_worker | frame from camera 55858868-8e25-47b8-8b66-bd30660db156 -> 0 detected, 0 kept, 0 violation(s), 0 sighting(s), 0 incident(s)
16:39:33 INFO    app.workers.frame_worker | frame from camera 55858868-8e25-47b8-8b66-bd30660db156 -> 0 detected, 0 kept, 0 violation(s), 0 sighting(s), 0 incident(s)
16:39:34 INFO    app.workers.frame_worker | frame from camera 55858868-8e25-47b8-8b66-bd30660db156 -> 0 detected, 0 kept, 0 violation(s), 0 sighting(s), 0 incident(s)
16:39:35 INFO    app.workers.frame_worker | frame from camera 55858868-8e25-47b8-8b66-bd30660db156 -> 0 detected, 0 kept, 0 violation(s), 0 sighting(s), 0 incident(s)
16:39:36 INFO    app.workers.frame_worker | frame from camera 55858868-8e25-47b8-8b66-bd30660db156 -> 0 detected, 0 kept, 0 violation(s), 0 sighting(s), 0 incident(s)
16:39:39 INFO    app.services.ingest | no detections - saved a sample frame to logs/frames/113939_55858868_93310b.jpg (93310 bytes)
16:39:39 INFO    app.workers.frame_worker | frame from camera 55858868-8e25-47b8-8b66-bd30660db156 -> 0 detected, 0 kept, 0 violation(s), 0 sighting(s), 0 incident(s)
16:39:41 INFO    app.workers.frame_worker | frame from camera 55858868-8e25-47b8-8b66-bd30660db156 -> 0 detected, 0 kept, 0 violation(s), 0 sighting(s), 0 incident(s)
16:39:42 INFO    app.workers.frame_worker | frame from camera 55858868-8e25-47b8-8b66-bd30660db156 -> 0 detected, 0 kept, 0 violation(s), 0 sighting(s), 0 incident(s)
16:39:43 INFO    app.workers.frame_worker | frame from camera 55858868-8e25-47b8-8b66-bd30660db156 -> 0 detected, 0 kept, 0 violation(s), 0 sighting(s), 0 incident(s)
16:39:44 INFO    app.workers.frame_worker | frame from camera 55858868-8e25-47b8-8b66-bd30660db156 -> 0 detected, 0 kept, 0 violation(s), 0 sighting(s), 0 incident(s)
16:39:46 INFO    app.workers.frame_worker | frame from camera 55858868-8e25-47b8-8b66-bd30660db156 -> 0 detected, 0 kept, 0 violation(s), 0 sighting(s), 0 incident(s)
16:39:56 INFO    app.core.events | ws client connected (8 total)
16:39:56 INFO    app.core.events | ws client connected (9 total)
16:39:56 INFO    app.core.events | ws client connected (10 total)
16:39:57 INFO    app.core.events | ws client disconnected (9 left)
16:39:57 INFO    app.core.events | ws client connected (10 total)
16:43:01 INFO    app.workers.frame_worker | frame worker started (queue max 8)
16:43:01 INFO    app.core.events | ws client connected (1 total)
16:43:01 INFO    app.core.events | ws client connected (2 total)
16:43:01 WARNING app.api.routes.admin | DEMO RESET: 0 sightings and 0 crops deleted
16:43:01 INFO    app.api.routes.cameras | camera registered: SMOKE TEST temp camera (031261c8-4a3f-47f4-9bd1-cc6e66d0a302)
16:43:01 INFO    app.api.routes.cameras | camera claimed: SMOKE TEST temp camera (031261c8-4a3f-47f4-9bd1-cc6e66d0a302)
16:43:01 INFO    app.api.routes.cameras | camera SMOKE TEST temp camera moved to 25.020000, 67.050000 (accuracy None m)
16:43:01 INFO    app.core.events | ws client connected (3 total)
16:43:03 INFO    app.core.events | ws client connected (4 total)
16:43:04 INFO    app.workers.frame_worker | frame from camera 05ed7642-ff08-461f-b28f-2db08148c611 -> 1 detected, 1 kept, 0 violation(s), 1 sighting(s), 0 incident(s)
16:43:04 INFO    app.core.events | ws client connected (5 total)
16:43:04 INFO    app.core.events | ws client connected (6 total)
16:43:05 INFO    app.services.ingest | 2 of 5 detections were too small to identify (< 96 px tall) - dropped. Heights: 94px, 93px. A near miss means the camera only has to move closer; a number far below means the vehicle was never captured.
16:43:05 INFO    app.services.ingest | dedupe: 2 of 5 detections were repeats of a frame already stored
16:43:05 INFO    app.services.ingest | incident eaec84c1-52c7-4419-a540-81da1f289929: no_helmet at camera 55858868-8e25-47b8-8b66-bd30660db156, plate=UNREADABLE (fingerprint mode)
16:43:05 INFO    app.services.matching | incident eaec84c1-52c7-4419-a540-81da1f289929: 1 of 1 candidates below 0.70 (stored, not offered): 0.613
16:43:05 INFO    app.services.ingest | incident eaec84c1-52c7-4419-a540-81da1f289929: 1 candidates, best 0.613
16:43:05 INFO    app.services.ingest | no_helmet at camera 55858868-8e25-47b8-8b66-bd30660db156 already open as incident eaec84c1-52c7-4419-a540-81da1f289929 (0.0s ago) - not opening a second
16:43:05 INFO    app.workers.frame_worker | frame from camera 55858868-8e25-47b8-8b66-bd30660db156 -> 5 detected, 3 kept, 2 violation(s), 3 sighting(s), 1 incident(s)
16:43:06 INFO    app.services.watchlist | WATCHLIST HIT: incident eaec84c1-52c7-4419-a540-81da1f289929 reappeared at Camera 3 — Karsaz, score 0.605
16:43:06 INFO    app.services.ingest | incident 28827d6b-2883-41ea-b6a8-4b55a1dfc8cf: no_helmet at camera 57da2ffe-db48-4628-85da-481cbba62525, plate=SAD426
16:43:06 INFO    app.services.ingest | incident 28827d6b-2883-41ea-b6a8-4b55a1dfc8cf: plate SAD426 read - handed to ANPR, fingerprint matching skipped
16:43:06 INFO    app.services.watchlist | WATCHLIST HIT: incident eaec84c1-52c7-4419-a540-81da1f289929 reappeared at Camera 3 — Karsaz, score 0.791
16:43:06 INFO    app.workers.frame_worker | frame from camera 57da2ffe-db48-4628-85da-481cbba62525 -> 2 detected, 2 kept, 1 violation(s), 2 sighting(s), 1 incident(s)
16:43:07 INFO    app.services.matching | burst dedupe: 3 sightings -> 2 passes
16:43:07 INFO    app.services.matching | incident eaec84c1-52c7-4419-a540-81da1f289929: 2 of 2 candidates below 0.70 (stored, not offered): 0.613, 0.605
16:43:07 INFO    app.api.routes.matches | match 3e19e448-9f23-4e9d-a3ea-c9be2386e505 confirmed
16:43:12 INFO    app.services.ingest | no detections - saved a sample frame to logs/frames/114312_05ed7642_25b.jpg (25 bytes)
16:43:12 INFO    app.workers.frame_worker | frame from camera 05ed7642-ff08-461f-b28f-2db08148c611 -> 0 detected, 0 kept, 0 violation(s), 0 sighting(s), 0 incident(s)
16:43:16 WARNING app.api.routes.admin | DEMO RESET: 6 sightings and 6 crops deleted
16:43:16 INFO    app.core.events | ws client disconnected (5 left)
16:43:27 WARNING app.api.routes.admin | DEMO RESET: 0 sightings and 0 crops deleted
16:46:44 INFO    app.core.events | ws client disconnected (4 left)
16:46:44 INFO    app.core.events | ws client disconnected (3 left)
16:47:15 INFO    app.core.events | ws client disconnected (2 left)
16:47:15 INFO    app.core.events | ws client disconnected (1 left)
16:47:15 INFO    app.core.events | ws client disconnected (0 left)
16:47:15 INFO    app.core.events | ws client connected (1 total)
16:47:15 INFO    app.core.events | ws client connected (2 total)
16:47:16 INFO    app.core.events | ws client connected (3 total)
16:47:28 INFO    app.core.events | ws client connected (4 total)
16:47:28 INFO    app.api.routes.cameras | camera claimed: Camera 1 — Shahrah-e-Faisal (05ed7642-ff08-461f-b28f-2db08148c611)
16:47:28 INFO    app.core.events | ws client connected (5 total)
16:48:12 INFO    app.api.routes.cameras | camera Camera 1 — Shahrah-e-Faisal moved to 25.010990, 67.040120 (accuracy None m)
16:48:16 INFO    app.services.ingest | no detections - saved a sample frame to logs/frames/114814_05ed7642_78192b.jpg (78192 bytes)
16:48:16 INFO    app.workers.frame_worker | frame from camera 05ed7642-ff08-461f-b28f-2db08148c611 -> 0 detected, 0 kept, 0 violation(s), 0 sighting(s), 0 incident(s)
16:48:32 INFO    app.services.ingest | no detections - saved a sample frame to logs/frames/114830_05ed7642_17226b.jpg (17226 bytes)
16:48:32 INFO    app.workers.frame_worker | frame from camera 05ed7642-ff08-461f-b28f-2db08148c611 -> 0 detected, 0 kept, 0 violation(s), 0 sighting(s), 0 incident(s)
16:48:33 INFO    app.workers.frame_worker | frame from camera 05ed7642-ff08-461f-b28f-2db08148c611 -> 0 detected, 0 kept, 0 violation(s), 0 sighting(s), 0 incident(s)
16:48:34 INFO    app.workers.frame_worker | frame from camera 05ed7642-ff08-461f-b28f-2db08148c611 -> 0 detected, 0 kept, 0 violation(s), 0 sighting(s), 0 incident(s)
16:48:36 INFO    app.workers.frame_worker | frame from camera 05ed7642-ff08-461f-b28f-2db08148c611 -> 0 detected, 0 kept, 0 violation(s), 0 sighting(s), 0 incident(s)
16:48:37 INFO    app.workers.frame_worker | frame from camera 05ed7642-ff08-461f-b28f-2db08148c611 -> 0 detected, 0 kept, 0 violation(s), 0 sighting(s), 0 incident(s)
16:48:38 INFO    app.workers.frame_worker | frame from camera 05ed7642-ff08-461f-b28f-2db08148c611 -> 0 detected, 0 kept, 0 violation(s), 0 sighting(s), 0 incident(s)
16:48:39 INFO    app.workers.frame_worker | frame from camera 05ed7642-ff08-461f-b28f-2db08148c611 -> 0 detected, 0 kept, 0 violation(s), 0 sighting(s), 0 incident(s)
16:48:50 INFO    app.services.ingest | no detections - saved a sample frame to logs/frames/114849_05ed7642_92846b.jpg (92846 bytes)
16:48:50 INFO    app.workers.frame_worker | frame from camera 05ed7642-ff08-461f-b28f-2db08148c611 -> 0 detected, 0 kept, 0 violation(s), 0 sighting(s), 0 incident(s)
16:48:52 INFO    app.workers.frame_worker | frame from camera 05ed7642-ff08-461f-b28f-2db08148c611 -> 0 detected, 0 kept, 0 violation(s), 0 sighting(s), 0 incident(s)
16:48:53 INFO    app.workers.frame_worker | frame from camera 05ed7642-ff08-461f-b28f-2db08148c611 -> 0 detected, 0 kept, 0 violation(s), 0 sighting(s), 0 incident(s)
16:48:54 INFO    app.workers.frame_worker | frame from camera 05ed7642-ff08-461f-b28f-2db08148c611 -> 0 detected, 0 kept, 0 violation(s), 0 sighting(s), 0 incident(s)
16:48:55 INFO    app.workers.frame_worker | frame from camera 05ed7642-ff08-461f-b28f-2db08148c611 -> 0 detected, 0 kept, 0 violation(s), 0 sighting(s), 0 incident(s)
16:48:56 INFO    app.workers.frame_worker | frame from camera 05ed7642-ff08-461f-b28f-2db08148c611 -> 0 detected, 0 kept, 0 violation(s), 0 sighting(s), 0 incident(s)
16:48:58 INFO    app.workers.frame_worker | frame from camera 05ed7642-ff08-461f-b28f-2db08148c611 -> 0 detected, 0 kept, 0 violation(s), 0 sighting(s), 0 incident(s)
16:48:59 INFO    app.workers.frame_worker | frame from camera 05ed7642-ff08-461f-b28f-2db08148c611 -> 0 detected, 0 kept, 0 violation(s), 0 sighting(s), 0 incident(s)
16:49:00 INFO    app.workers.frame_worker | frame from camera 05ed7642-ff08-461f-b28f-2db08148c611 -> 0 detected, 0 kept, 0 violation(s), 0 sighting(s), 0 incident(s)
16:49:01 INFO    app.workers.frame_worker | frame from camera 05ed7642-ff08-461f-b28f-2db08148c611 -> 0 detected, 0 kept, 0 violation(s), 0 sighting(s), 0 incident(s)
16:49:03 INFO    app.workers.frame_worker | frame from camera 05ed7642-ff08-461f-b28f-2db08148c611 -> 0 detected, 0 kept, 0 violation(s), 0 sighting(s), 0 incident(s)
16:49:04 INFO    app.workers.frame_worker | frame from camera 05ed7642-ff08-461f-b28f-2db08148c611 -> 0 detected, 0 kept, 0 violation(s), 0 sighting(s), 0 incident(s)
16:49:05 INFO    app.workers.frame_worker | frame from camera 05ed7642-ff08-461f-b28f-2db08148c611 -> 0 detected, 0 kept, 0 violation(s), 0 sighting(s), 0 incident(s)
16:49:06 INFO    app.services.ingest | no detections - saved a sample frame to logs/frames/114905_05ed7642_155248b.jpg (155248 bytes)
16:49:06 INFO    app.workers.frame_worker | frame from camera 05ed7642-ff08-461f-b28f-2db08148c611 -> 0 detected, 0 kept, 0 violation(s), 0 sighting(s), 0 incident(s)
16:49:08 INFO    app.workers.frame_worker | frame from camera 05ed7642-ff08-461f-b28f-2db08148c611 -> 0 detected, 0 kept, 0 violation(s), 0 sighting(s), 0 incident(s)
16:49:09 INFO    app.workers.frame_worker | frame from camera 05ed7642-ff08-461f-b28f-2db08148c611 -> 0 detected, 0 kept, 0 violation(s), 0 sighting(s), 0 incident(s)
16:49:10 INFO    app.workers.frame_worker | frame from camera 05ed7642-ff08-461f-b28f-2db08148c611 -> 0 detected, 0 kept, 0 violation(s), 0 sighting(s), 0 incident(s)
16:49:11 INFO    app.workers.frame_worker | frame from camera 05ed7642-ff08-461f-b28f-2db08148c611 -> 0 detected, 0 kept, 0 violation(s), 0 sighting(s), 0 incident(s)
16:49:12 INFO    app.workers.frame_worker | frame from camera 05ed7642-ff08-461f-b28f-2db08148c611 -> 0 detected, 0 kept, 0 violation(s), 0 sighting(s), 0 incident(s)
16:49:14 INFO    app.workers.frame_worker | frame from camera 05ed7642-ff08-461f-b28f-2db08148c611 -> 0 detected, 0 kept, 0 violation(s), 0 sighting(s), 0 incident(s)
16:49:15 INFO    app.workers.frame_worker | frame from camera 05ed7642-ff08-461f-b28f-2db08148c611 -> 0 detected, 0 kept, 0 violation(s), 0 sighting(s), 0 incident(s)
16:49:16 INFO    app.workers.frame_worker | frame from camera 05ed7642-ff08-461f-b28f-2db08148c611 -> 0 detected, 0 kept, 0 violation(s), 0 sighting(s), 0 incident(s)
16:49:18 INFO    app.workers.frame_worker | frame from camera 05ed7642-ff08-461f-b28f-2db08148c611 -> 0 detected, 0 kept, 0 violation(s), 0 sighting(s), 0 incident(s)
16:49:19 INFO    app.workers.frame_worker | frame from camera 05ed7642-ff08-461f-b28f-2db08148c611 -> 0 detected, 0 kept, 0 violation(s), 0 sighting(s), 0 incident(s)
16:49:21 INFO    app.workers.frame_worker | frame from camera 05ed7642-ff08-461f-b28f-2db08148c611 -> 0 detected, 0 kept, 0 violation(s), 0 sighting(s), 0 incident(s)
16:49:22 INFO    app.services.ingest | no detections - saved a sample frame to logs/frames/114920_05ed7642_137369b.jpg (137369 bytes)
16:49:22 INFO    app.workers.frame_worker | frame from camera 05ed7642-ff08-461f-b28f-2db08148c611 -> 0 detected, 0 kept, 0 violation(s), 0 sighting(s), 0 incident(s)
16:49:24 INFO    app.workers.frame_worker | frame from camera 05ed7642-ff08-461f-b28f-2db08148c611 -> 0 detected, 0 kept, 0 violation(s), 0 sighting(s), 0 incident(s)
16:49:25 INFO    app.workers.frame_worker | frame from camera 05ed7642-ff08-461f-b28f-2db08148c611 -> 0 detected, 0 kept, 0 violation(s), 0 sighting(s), 0 incident(s)
16:49:26 INFO    app.workers.frame_worker | frame from camera 05ed7642-ff08-461f-b28f-2db08148c611 -> 0 detected, 0 kept, 0 violation(s), 0 sighting(s), 0 incident(s)
16:49:27 INFO    app.workers.frame_worker | frame from camera 05ed7642-ff08-461f-b28f-2db08148c611 -> 0 detected, 0 kept, 0 violation(s), 0 sighting(s), 0 incident(s)
16:49:29 INFO    app.workers.frame_worker | frame from camera 05ed7642-ff08-461f-b28f-2db08148c611 -> 0 detected, 0 kept, 0 violation(s), 0 sighting(s), 0 incident(s)
16:49:30 INFO    app.workers.frame_worker | frame from camera 05ed7642-ff08-461f-b28f-2db08148c611 -> 0 detected, 0 kept, 0 violation(s), 0 sighting(s), 0 incident(s)
16:49:31 INFO    app.workers.frame_worker | frame from camera 05ed7642-ff08-461f-b28f-2db08148c611 -> 0 detected, 0 kept, 0 violation(s), 0 sighting(s), 0 incident(s)
16:49:32 INFO    app.workers.frame_worker | frame from camera 05ed7642-ff08-461f-b28f-2db08148c611 -> 0 detected, 0 kept, 0 violation(s), 0 sighting(s), 0 incident(s)
16:49:54 INFO    app.services.ingest | no detections - saved a sample frame to logs/frames/114954_55858868_65324b.jpg (65324 bytes)
16:49:54 INFO    app.workers.frame_worker | frame from camera 55858868-8e25-47b8-8b66-bd30660db156 -> 0 detected, 0 kept, 0 violation(s), 0 sighting(s), 0 incident(s)
16:49:56 INFO    app.workers.frame_worker | frame from camera 55858868-8e25-47b8-8b66-bd30660db156 -> 0 detected, 0 kept, 0 violation(s), 0 sighting(s), 0 incident(s)
16:49:57 INFO    app.workers.frame_worker | frame from camera 55858868-8e25-47b8-8b66-bd30660db156 -> 0 detected, 0 kept, 0 violation(s), 0 sighting(s), 0 incident(s)
16:49:59 INFO    app.workers.frame_worker | frame from camera 55858868-8e25-47b8-8b66-bd30660db156 -> 0 detected, 0 kept, 0 violation(s), 0 sighting(s), 0 incident(s)
16:50:00 INFO    app.workers.frame_worker | frame from camera 55858868-8e25-47b8-8b66-bd30660db156 -> 0 detected, 0 kept, 0 violation(s), 0 sighting(s), 0 incident(s)
16:50:01 INFO    app.workers.frame_worker | frame from camera 55858868-8e25-47b8-8b66-bd30660db156 -> 0 detected, 0 kept, 0 violation(s), 0 sighting(s), 0 incident(s)
16:50:12 INFO    app.services.ingest | no detections - saved a sample frame to logs/frames/115012_55858868_64316b.jpg (64316 bytes)
16:50:12 INFO    app.workers.frame_worker | frame from camera 55858868-8e25-47b8-8b66-bd30660db156 -> 0 detected, 0 kept, 0 violation(s), 0 sighting(s), 0 incident(s)
16:50:13 INFO    app.workers.frame_worker | frame from camera 55858868-8e25-47b8-8b66-bd30660db156 -> 0 detected, 0 kept, 0 violation(s), 0 sighting(s), 0 incident(s)
16:50:14 INFO    app.workers.frame_worker | frame from camera 55858868-8e25-47b8-8b66-bd30660db156 -> 0 detected, 0 kept, 0 violation(s), 0 sighting(s), 0 incident(s)
16:50:16 INFO    app.workers.frame_worker | frame from camera 55858868-8e25-47b8-8b66-bd30660db156 -> 0 detected, 0 kept, 0 violation(s), 0 sighting(s), 0 incident(s)
16:50:17 INFO    app.workers.frame_worker | frame from camera 55858868-8e25-47b8-8b66-bd30660db156 -> 0 detected, 0 kept, 0 violation(s), 0 sighting(s), 0 incident(s)
16:50:18 INFO    app.workers.frame_worker | frame from camera 55858868-8e25-47b8-8b66-bd30660db156 -> 0 detected, 0 kept, 0 violation(s), 0 sighting(s), 0 incident(s)
16:50:19 INFO    app.workers.frame_worker | frame from camera 55858868-8e25-47b8-8b66-bd30660db156 -> 0 detected, 0 kept, 0 violation(s), 0 sighting(s), 0 incident(s)
16:50:20 INFO    app.workers.frame_worker | frame from camera 55858868-8e25-47b8-8b66-bd30660db156 -> 0 detected, 0 kept, 0 violation(s), 0 sighting(s), 0 incident(s)
16:50:21 INFO    app.workers.frame_worker | frame from camera 55858868-8e25-47b8-8b66-bd30660db156 -> 0 detected, 0 kept, 0 violation(s), 0 sighting(s), 0 incident(s)
16:50:24 INFO    app.workers.frame_worker | frame from camera 55858868-8e25-47b8-8b66-bd30660db156 -> 0 detected, 0 kept, 0 violation(s), 0 sighting(s), 0 incident(s)
16:50:25 INFO    app.workers.frame_worker | frame from camera 55858868-8e25-47b8-8b66-bd30660db156 -> 0 detected, 0 kept, 0 violation(s), 0 sighting(s), 0 incident(s)
16:50:26 INFO    app.workers.frame_worker | frame from camera 55858868-8e25-47b8-8b66-bd30660db156 -> 0 detected, 0 kept, 0 violation(s), 0 sighting(s), 0 incident(s)
16:50:27 INFO    app.services.ingest | no detections - saved a sample frame to logs/frames/115027_55858868_81837b.jpg (81837 bytes)
16:50:27 INFO    app.workers.frame_worker | frame from camera 55858868-8e25-47b8-8b66-bd30660db156 -> 0 detected, 0 kept, 0 violation(s), 0 sighting(s), 0 incident(s)
16:50:29 INFO    app.workers.frame_worker | frame from camera 55858868-8e25-47b8-8b66-bd30660db156 -> 0 detected, 0 kept, 0 violation(s), 0 sighting(s), 0 incident(s)
16:50:31 INFO    app.workers.frame_worker | frame from camera 55858868-8e25-47b8-8b66-bd30660db156 -> 0 detected, 0 kept, 0 violation(s), 0 sighting(s), 0 incident(s)
16:50:32 INFO    app.workers.frame_worker | frame from camera 55858868-8e25-47b8-8b66-bd30660db156 -> 0 detected, 0 kept, 0 violation(s), 0 sighting(s), 0 incident(s)
16:50:33 INFO    app.workers.frame_worker | frame from camera 55858868-8e25-47b8-8b66-bd30660db156 -> 0 detected, 0 kept, 0 violation(s), 0 sighting(s), 0 incident(s)
16:50:35 INFO    app.workers.frame_worker | frame from camera 55858868-8e25-47b8-8b66-bd30660db156 -> 0 detected, 0 kept, 0 violation(s), 0 sighting(s), 0 incident(s)
16:50:37 INFO    app.workers.frame_worker | frame from camera 55858868-8e25-47b8-8b66-bd30660db156 -> 0 detected, 0 kept, 0 violation(s), 0 sighting(s), 0 incident(s)
16:50:40 INFO    app.workers.frame_worker | frame from camera 55858868-8e25-47b8-8b66-bd30660db156 -> 0 detected, 0 kept, 0 violation(s), 0 sighting(s), 0 incident(s)
16:50:41 INFO    app.workers.frame_worker | frame from camera 55858868-8e25-47b8-8b66-bd30660db156 -> 0 detected, 0 kept, 0 violation(s), 0 sighting(s), 0 incident(s)
16:50:42 INFO    app.workers.frame_worker | frame from camera 55858868-8e25-47b8-8b66-bd30660db156 -> 0 detected, 0 kept, 0 violation(s), 0 sighting(s), 0 incident(s)
16:50:43 INFO    app.services.ingest | no detections - saved a sample frame to logs/frames/115043_55858868_97317b.jpg (97317 bytes)
16:50:43 INFO    app.workers.frame_worker | frame from camera 55858868-8e25-47b8-8b66-bd30660db156 -> 0 detected, 0 kept, 0 violation(s), 0 sighting(s), 0 incident(s)
16:50:45 INFO    app.workers.frame_worker | frame from camera 55858868-8e25-47b8-8b66-bd30660db156 -> 0 detected, 0 kept, 0 violation(s), 0 sighting(s), 0 incident(s)
16:50:48 INFO    app.workers.frame_worker | frame from camera 55858868-8e25-47b8-8b66-bd30660db156 -> 0 detected, 0 kept, 0 violation(s), 0 sighting(s), 0 incident(s)
16:50:49 INFO    app.workers.frame_worker | frame from camera 55858868-8e25-47b8-8b66-bd30660db156 -> 0 detected, 0 kept, 0 violation(s), 0 sighting(s), 0 incident(s)
16:50:50 INFO    app.workers.frame_worker | frame from camera 55858868-8e25-47b8-8b66-bd30660db156 -> 0 detected, 0 kept, 0 violation(s), 0 sighting(s), 0 incident(s)
16:50:51 INFO    app.workers.frame_worker | frame from camera 55858868-8e25-47b8-8b66-bd30660db156 -> 0 detected, 0 kept, 0 violation(s), 0 sighting(s), 0 incident(s)
16:50:53 INFO    app.workers.frame_worker | frame from camera 55858868-8e25-47b8-8b66-bd30660db156 -> 0 detected, 0 kept, 0 violation(s), 0 sighting(s), 0 incident(s)
16:50:58 INFO    app.core.events | ws client disconnected (4 left)
16:50:58 INFO    app.core.events | ws client connected (5 total)
16:52:50 INFO    app.core.events | ws client connected (6 total)
16:52:51 INFO    app.core.events | ws client connected (7 total)
16:52:51 INFO    app.api.routes.cameras | camera claimed: Camera 2 — Tipu Sultan Rd (55858868-8e25-47b8-8b66-bd30660db156)
16:52:55 INFO    app.api.routes.cameras | camera Camera 2 — Tipu Sultan Rd moved to 25.003181, 67.043295 (accuracy None m)
16:53:09 INFO    app.core.events | ws client disconnected (6 left)
16:53:09 INFO    app.core.events | ws client disconnected (5 left)
16:53:09 INFO    app.api.routes.cameras | camera claimed: Camera 1 — Shahrah-e-Faisal (05ed7642-ff08-461f-b28f-2db08148c611)
16:53:09 INFO    app.core.events | ws client connected (6 total)
16:53:09 INFO    app.core.events | ws client connected (7 total)
16:58:33 INFO    app.core.events | ws client disconnected (6 left)
16:58:33 INFO    app.core.events | ws client disconnected (5 left)
17:01:27 INFO    app.api.routes.cameras | camera claimed: Camera 2 — Tipu Sultan Rd (55858868-8e25-47b8-8b66-bd30660db156)
17:01:27 INFO    app.core.events | ws client connected (6 total)
17:01:27 INFO    app.core.events | ws client connected (7 total)
17:01:36 INFO    app.api.routes.cameras | camera Camera 2 — Tipu Sultan Rd moved to 25.003181, 67.043295 (accuracy None m)
17:06:38 INFO    app.core.events | ws client disconnected (6 left)
17:06:38 INFO    app.core.events | ws client disconnected (5 left)
17:06:38 INFO    app.core.events | ws client connected (6 total)
17:06:38 INFO    app.core.events | ws client connected (7 total)
17:06:50 INFO    app.api.routes.cameras | camera Camera 1 — Shahrah-e-Faisal moved to 25.010990, 67.040120 (accuracy None m)
17:06:53 INFO    app.services.ingest | no detections - saved a sample frame to logs/frames/120651_05ed7642_14859b.jpg (14859 bytes)
17:06:53 INFO    app.workers.frame_worker | frame from camera 05ed7642-ff08-461f-b28f-2db08148c611 -> 0 detected, 0 kept, 0 violation(s), 0 sighting(s), 0 incident(s)
17:06:59 INFO    app.workers.frame_worker | frame from camera 05ed7642-ff08-461f-b28f-2db08148c611 -> 0 detected, 0 kept, 0 violation(s), 0 sighting(s), 0 incident(s)
17:07:00 INFO    app.workers.frame_worker | frame from camera 05ed7642-ff08-461f-b28f-2db08148c611 -> 0 detected, 0 kept, 0 violation(s), 0 sighting(s), 0 incident(s)
17:07:01 INFO    app.workers.frame_worker | frame from camera 05ed7642-ff08-461f-b28f-2db08148c611 -> 0 detected, 0 kept, 0 violation(s), 0 sighting(s), 0 incident(s)
17:07:02 INFO    app.workers.frame_worker | frame from camera 05ed7642-ff08-461f-b28f-2db08148c611 -> 0 detected, 0 kept, 0 violation(s), 0 sighting(s), 0 incident(s)
17:07:04 INFO    app.workers.frame_worker | frame from camera 05ed7642-ff08-461f-b28f-2db08148c611 -> 0 detected, 0 kept, 0 violation(s), 0 sighting(s), 0 incident(s)
17:07:05 INFO    app.workers.frame_worker | frame from camera 05ed7642-ff08-461f-b28f-2db08148c611 -> 0 detected, 0 kept, 0 violation(s), 0 sighting(s), 0 incident(s)
17:07:06 INFO    app.workers.frame_worker | frame from camera 05ed7642-ff08-461f-b28f-2db08148c611 -> 0 detected, 0 kept, 0 violation(s), 0 sighting(s), 0 incident(s)
17:07:07 INFO    app.workers.frame_worker | frame from camera 05ed7642-ff08-461f-b28f-2db08148c611 -> 0 detected, 0 kept, 0 violation(s), 0 sighting(s), 0 incident(s)
17:07:08 INFO    app.services.ingest | no detections - saved a sample frame to logs/frames/120707_05ed7642_114687b.jpg (114687 bytes)
17:07:08 INFO    app.workers.frame_worker | frame from camera 05ed7642-ff08-461f-b28f-2db08148c611 -> 0 detected, 0 kept, 0 violation(s), 0 sighting(s), 0 incident(s)
17:07:14 INFO    app.core.events | ws client disconnected (6 left)
17:07:14 INFO    app.core.events | ws client connected (7 total)
17:07:15 INFO    app.core.events | ws client disconnected (6 left)
17:07:15 INFO    app.core.events | ws client connected (7 total)
17:07:17 INFO    app.core.events | ws client disconnected (6 left)
17:07:17 INFO    app.core.events | ws client connected (7 total)
17:07:24 INFO    app.services.ingest | no detections - saved a sample frame to logs/frames/120723_05ed7642_73276b.jpg (73276 bytes)
17:07:24 INFO    app.workers.frame_worker | frame from camera 05ed7642-ff08-461f-b28f-2db08148c611 -> 0 detected, 0 kept, 0 violation(s), 0 sighting(s), 0 incident(s)
17:07:26 INFO    app.workers.frame_worker | frame from camera 05ed7642-ff08-461f-b28f-2db08148c611 -> 0 detected, 0 kept, 0 violation(s), 0 sighting(s), 0 incident(s)
17:07:27 INFO    app.workers.frame_worker | frame from camera 05ed7642-ff08-461f-b28f-2db08148c611 -> 1 detected, 1 kept, 0 violation(s), 1 sighting(s), 0 incident(s)
17:07:28 INFO    app.services.ingest | dedupe: 1 of 1 detections were repeats of a frame already stored
17:07:29 INFO    app.workers.frame_worker | frame from camera 05ed7642-ff08-461f-b28f-2db08148c611 -> 1 detected, 0 kept, 0 violation(s), 0 sighting(s), 0 incident(s)
17:07:29 INFO    app.workers.frame_worker | frame from camera 05ed7642-ff08-461f-b28f-2db08148c611 -> 0 detected, 0 kept, 0 violation(s), 0 sighting(s), 0 incident(s)
17:07:31 INFO    app.workers.frame_worker | frame from camera 05ed7642-ff08-461f-b28f-2db08148c611 -> 0 detected, 0 kept, 0 violation(s), 0 sighting(s), 0 incident(s)
17:07:39 INFO    app.core.events | ws client disconnected (6 left)
17:07:39 INFO    app.core.events | ws client connected (7 total)
17:07:39 INFO    app.core.events | ws client disconnected (6 left)
17:07:39 INFO    app.core.events | ws client connected (7 total)
17:07:51 INFO    app.services.ingest | no detections - saved a sample frame to logs/frames/120749_05ed7642_81679b.jpg (81679 bytes)
17:07:51 INFO    app.workers.frame_worker | frame from camera 05ed7642-ff08-461f-b28f-2db08148c611 -> 0 detected, 0 kept, 0 violation(s), 0 sighting(s), 0 incident(s)
17:07:52 INFO    app.workers.frame_worker | frame from camera 05ed7642-ff08-461f-b28f-2db08148c611 -> 0 detected, 0 kept, 0 violation(s), 0 sighting(s), 0 incident(s)
17:07:53 INFO    app.workers.frame_worker | frame from camera 05ed7642-ff08-461f-b28f-2db08148c611 -> 0 detected, 0 kept, 0 violation(s), 0 sighting(s), 0 incident(s)
17:07:55 INFO    app.workers.frame_worker | frame from camera 05ed7642-ff08-461f-b28f-2db08148c611 -> 0 detected, 0 kept, 0 violation(s), 0 sighting(s), 0 incident(s)
17:07:56 INFO    app.workers.frame_worker | frame from camera 05ed7642-ff08-461f-b28f-2db08148c611 -> 0 detected, 0 kept, 0 violation(s), 0 sighting(s), 0 incident(s)
17:07:57 INFO    app.workers.frame_worker | frame from camera 05ed7642-ff08-461f-b28f-2db08148c611 -> 0 detected, 0 kept, 0 violation(s), 0 sighting(s), 0 incident(s)
17:07:58 INFO    app.workers.frame_worker | frame from camera 05ed7642-ff08-461f-b28f-2db08148c611 -> 0 detected, 0 kept, 0 violation(s), 0 sighting(s), 0 incident(s)
17:08:14 INFO    app.workers.frame_worker | frame from camera 05ed7642-ff08-461f-b28f-2db08148c611 -> 1 detected, 1 kept, 0 violation(s), 1 sighting(s), 0 incident(s)
17:08:15 INFO    app.services.ingest | dedupe: 1 of 1 detections were repeats of a frame already stored
17:08:15 INFO    app.workers.frame_worker | frame from camera 05ed7642-ff08-461f-b28f-2db08148c611 -> 1 detected, 0 kept, 0 violation(s), 0 sighting(s), 0 incident(s)
17:08:16 INFO    app.services.ingest | no detections - saved a sample frame to logs/frames/120815_05ed7642_82742b.jpg (82742 bytes)
17:08:16 INFO    app.workers.frame_worker | frame from camera 05ed7642-ff08-461f-b28f-2db08148c611 -> 0 detected, 0 kept, 0 violation(s), 0 sighting(s), 0 incident(s)
17:08:17 INFO    app.workers.frame_worker | frame from camera 05ed7642-ff08-461f-b28f-2db08148c611 -> 0 detected, 0 kept, 0 violation(s), 0 sighting(s), 0 incident(s)
17:08:18 INFO    app.workers.frame_worker | frame from camera 05ed7642-ff08-461f-b28f-2db08148c611 -> 0 detected, 0 kept, 0 violation(s), 0 sighting(s), 0 incident(s)
17:08:20 INFO    app.workers.frame_worker | frame from camera 05ed7642-ff08-461f-b28f-2db08148c611 -> 0 detected, 0 kept, 0 violation(s), 0 sighting(s), 0 incident(s)
17:08:21 INFO    app.services.ingest | incident ce1d995f-10f7-4cbe-b617-274876d60232: no_helmet at camera 05ed7642-ff08-461f-b28f-2db08148c611, plate=UNREADABLE (fingerprint mode)
17:08:21 INFO    app.workers.frame_worker | frame from camera 05ed7642-ff08-461f-b28f-2db08148c611 -> 1 detected, 1 kept, 1 violation(s), 1 sighting(s), 1 incident(s)
17:08:22 INFO    app.services.ingest | dedupe: 1 of 1 detections were repeats of a frame already stored
17:08:22 INFO    app.workers.frame_worker | frame from camera 05ed7642-ff08-461f-b28f-2db08148c611 -> 1 detected, 0 kept, 0 violation(s), 0 sighting(s), 0 incident(s)
17:08:23 INFO    app.workers.frame_worker | frame from camera 05ed7642-ff08-461f-b28f-2db08148c611 -> 0 detected, 0 kept, 0 violation(s), 0 sighting(s), 0 incident(s)
17:08:24 INFO    app.workers.frame_worker | frame from camera 05ed7642-ff08-461f-b28f-2db08148c611 -> 0 detected, 0 kept, 0 violation(s), 0 sighting(s), 0 incident(s)
17:08:37 INFO    app.services.ingest | no detections - saved a sample frame to logs/frames/120835_05ed7642_75642b.jpg (75642 bytes)
17:08:37 INFO    app.workers.frame_worker | frame from camera 05ed7642-ff08-461f-b28f-2db08148c611 -> 0 detected, 0 kept, 0 violation(s), 0 sighting(s), 0 incident(s)
17:08:38 INFO    app.workers.frame_worker | frame from camera 05ed7642-ff08-461f-b28f-2db08148c611 -> 0 detected, 0 kept, 0 violation(s), 0 sighting(s), 0 incident(s)
17:08:39 INFO    app.workers.frame_worker | frame from camera 05ed7642-ff08-461f-b28f-2db08148c611 -> 0 detected, 0 kept, 0 violation(s), 0 sighting(s), 0 incident(s)
17:08:40 INFO    app.workers.frame_worker | frame from camera 05ed7642-ff08-461f-b28f-2db08148c611 -> 0 detected, 0 kept, 0 violation(s), 0 sighting(s), 0 incident(s)
17:08:42 INFO    app.services.ingest | no_helmet at camera 05ed7642-ff08-461f-b28f-2db08148c611 already open as incident ce1d995f-10f7-4cbe-b617-274876d60232 (20.6s ago) - not opening a second
17:08:42 INFO    app.workers.frame_worker | frame from camera 05ed7642-ff08-461f-b28f-2db08148c611 -> 1 detected, 1 kept, 1 violation(s), 1 sighting(s), 0 incident(s)
17:08:43 INFO    app.workers.frame_worker | frame from camera 05ed7642-ff08-461f-b28f-2db08148c611 -> 0 detected, 0 kept, 0 violation(s), 0 sighting(s), 0 incident(s)
17:08:44 INFO    app.workers.frame_worker | frame from camera 05ed7642-ff08-461f-b28f-2db08148c611 -> 0 detected, 0 kept, 0 violation(s), 0 sighting(s), 0 incident(s)
17:08:45 INFO    app.workers.frame_worker | frame from camera 05ed7642-ff08-461f-b28f-2db08148c611 -> 0 detected, 0 kept, 0 violation(s), 0 sighting(s), 0 incident(s)
17:08:46 INFO    app.workers.frame_worker | frame from camera 05ed7642-ff08-461f-b28f-2db08148c611 -> 0 detected, 0 kept, 0 violation(s), 0 sighting(s), 0 incident(s)
17:08:47 INFO    app.services.ingest | 1 of 1 detections were too small to identify (< 96 px tall) - dropped. Heights: 88px. A near miss means the camera only has to move closer; a number far below means the vehicle was never captured.
17:08:47 INFO    app.workers.frame_worker | frame from camera 05ed7642-ff08-461f-b28f-2db08148c611 -> 1 detected, 0 kept, 0 violation(s), 0 sighting(s), 0 incident(s)
17:08:48 INFO    app.workers.frame_worker | frame from camera 05ed7642-ff08-461f-b28f-2db08148c611 -> 1 detected, 1 kept, 0 violation(s), 1 sighting(s), 0 incident(s)
17:08:50 INFO    app.services.ingest | dedupe: 1 of 1 detections were repeats of a frame already stored
17:08:50 INFO    app.workers.frame_worker | frame from camera 05ed7642-ff08-461f-b28f-2db08148c611 -> 1 detected, 0 kept, 0 violation(s), 0 sighting(s), 0 incident(s)
17:08:51 INFO    app.workers.frame_worker | frame from camera 05ed7642-ff08-461f-b28f-2db08148c611 -> 0 detected, 0 kept, 0 violation(s), 0 sighting(s), 0 incident(s)
17:08:52 INFO    app.services.ingest | no detections - saved a sample frame to logs/frames/120850_05ed7642_75702b.jpg (75702 bytes)
17:08:52 INFO    app.workers.frame_worker | frame from camera 05ed7642-ff08-461f-b28f-2db08148c611 -> 0 detected, 0 kept, 0 violation(s), 0 sighting(s), 0 incident(s)
17:08:53 INFO    app.workers.frame_worker | frame from camera 05ed7642-ff08-461f-b28f-2db08148c611 -> 0 detected, 0 kept, 0 violation(s), 0 sighting(s), 0 incident(s)
17:08:54 INFO    app.workers.frame_worker | frame from camera 05ed7642-ff08-461f-b28f-2db08148c611 -> 0 detected, 0 kept, 0 violation(s), 0 sighting(s), 0 incident(s)
17:08:55 INFO    app.workers.frame_worker | frame from camera 05ed7642-ff08-461f-b28f-2db08148c611 -> 0 detected, 0 kept, 0 violation(s), 0 sighting(s), 0 incident(s)
17:08:57 INFO    app.services.ingest | 1 of 1 detections were too small to identify (< 96 px tall) - dropped. Heights: 74px. A near miss means the camera only has to move closer; a number far below means the vehicle was never captured.
17:08:57 INFO    app.workers.frame_worker | frame from camera 05ed7642-ff08-461f-b28f-2db08148c611 -> 1 detected, 0 kept, 0 violation(s), 0 sighting(s), 0 incident(s)
17:08:58 INFO    app.workers.frame_worker | frame from camera 05ed7642-ff08-461f-b28f-2db08148c611 -> 0 detected, 0 kept, 0 violation(s), 0 sighting(s), 0 incident(s)
17:08:59 INFO    app.workers.frame_worker | frame from camera 05ed7642-ff08-461f-b28f-2db08148c611 -> 1 detected, 1 kept, 0 violation(s), 1 sighting(s), 0 incident(s)
17:09:00 INFO    app.services.ingest | dedupe: 1 of 1 detections were repeats of a frame already stored
17:09:00 INFO    app.workers.frame_worker | frame from camera 05ed7642-ff08-461f-b28f-2db08148c611 -> 1 detected, 0 kept, 0 violation(s), 0 sighting(s), 0 incident(s)
17:09:01 INFO    app.workers.frame_worker | frame from camera 05ed7642-ff08-461f-b28f-2db08148c611 -> 0 detected, 0 kept, 0 violation(s), 0 sighting(s), 0 incident(s)
17:09:02 INFO    app.services.ingest | 1 of 1 detections were too small to identify (< 96 px tall) - dropped. Heights: 73px. A near miss means the camera only has to move closer; a number far below means the vehicle was never captured.
17:09:02 INFO    app.workers.frame_worker | frame from camera 05ed7642-ff08-461f-b28f-2db08148c611 -> 1 detected, 0 kept, 0 violation(s), 0 sighting(s), 0 incident(s)
17:09:04 INFO    app.services.ingest | 1 of 1 detections were too small to identify (< 96 px tall) - dropped. Heights: 94px. A near miss means the camera only has to move closer; a number far below means the vehicle was never captured.
17:09:04 INFO    app.workers.frame_worker | frame from camera 05ed7642-ff08-461f-b28f-2db08148c611 -> 1 detected, 0 kept, 0 violation(s), 0 sighting(s), 0 incident(s)
17:09:05 INFO    app.workers.frame_worker | frame from camera 05ed7642-ff08-461f-b28f-2db08148c611 -> 0 detected, 0 kept, 0 violation(s), 0 sighting(s), 0 incident(s)
17:09:06 INFO    app.workers.frame_worker | frame from camera 05ed7642-ff08-461f-b28f-2db08148c611 -> 1 detected, 1 kept, 0 violation(s), 1 sighting(s), 0 incident(s)
17:09:07 INFO    app.services.ingest | dedupe: 1 of 1 detections were repeats of a frame already stored
17:09:07 INFO    app.workers.frame_worker | frame from camera 05ed7642-ff08-461f-b28f-2db08148c611 -> 1 detected, 0 kept, 0 violation(s), 0 sighting(s), 0 incident(s)
17:09:08 INFO    app.services.ingest | dedupe: 1 of 1 detections were repeats of a frame already stored
17:09:08 INFO    app.workers.frame_worker | frame from camera 05ed7642-ff08-461f-b28f-2db08148c611 -> 1 detected, 0 kept, 0 violation(s), 0 sighting(s), 0 incident(s)
17:09:09 INFO    app.services.ingest | no detections - saved a sample frame to logs/frames/120908_05ed7642_87410b.jpg (87410 bytes)
17:09:09 INFO    app.workers.frame_worker | frame from camera 05ed7642-ff08-461f-b28f-2db08148c611 -> 0 detected, 0 kept, 0 violation(s), 0 sighting(s), 0 incident(s)
17:09:10 INFO    app.workers.frame_worker | frame from camera 05ed7642-ff08-461f-b28f-2db08148c611 -> 0 detected, 0 kept, 0 violation(s), 0 sighting(s), 0 incident(s)
17:09:11 INFO    app.workers.frame_worker | frame from camera 05ed7642-ff08-461f-b28f-2db08148c611 -> 0 detected, 0 kept, 0 violation(s), 0 sighting(s), 0 incident(s)
17:09:13 INFO    app.workers.frame_worker | frame from camera 05ed7642-ff08-461f-b28f-2db08148c611 -> 0 detected, 0 kept, 0 violation(s), 0 sighting(s), 0 incident(s)
17:09:14 INFO    app.workers.frame_worker | frame from camera 05ed7642-ff08-461f-b28f-2db08148c611 -> 0 detected, 0 kept, 0 violation(s), 0 sighting(s), 0 incident(s)
17:09:15 INFO    app.services.ingest | incident d34e336a-df04-4ad0-b848-30eb7e181add: no_helmet at camera 05ed7642-ff08-461f-b28f-2db08148c611, plate=UNREADABLE (fingerprint mode)
17:09:15 INFO    app.workers.frame_worker | frame from camera 05ed7642-ff08-461f-b28f-2db08148c611 -> 1 detected, 1 kept, 1 violation(s), 1 sighting(s), 1 incident(s)
17:09:16 INFO    app.services.ingest | dedupe: 1 of 1 detections were repeats of a frame already stored
17:09:16 INFO    app.workers.frame_worker | frame from camera 05ed7642-ff08-461f-b28f-2db08148c611 -> 1 detected, 0 kept, 0 violation(s), 0 sighting(s), 0 incident(s)
17:09:18 INFO    app.services.ingest | dedupe: 1 of 1 detections were repeats of a frame already stored
17:09:18 INFO    app.workers.frame_worker | frame from camera 05ed7642-ff08-461f-b28f-2db08148c611 -> 1 detected, 0 kept, 0 violation(s), 0 sighting(s), 0 incident(s)
17:09:19 INFO    app.services.ingest | dedupe: 1 of 1 detections were repeats of a frame already stored
17:09:19 INFO    app.workers.frame_worker | frame from camera 05ed7642-ff08-461f-b28f-2db08148c611 -> 1 detected, 0 kept, 0 violation(s), 0 sighting(s), 0 incident(s)
17:09:20 INFO    app.services.ingest | 1 of 1 detections were too small to identify (< 96 px tall) - dropped. Heights: 76px. A near miss means the camera only has to move closer; a number far below means the vehicle was never captured.
17:09:20 INFO    app.workers.frame_worker | frame from camera 05ed7642-ff08-461f-b28f-2db08148c611 -> 1 detected, 0 kept, 0 violation(s), 0 sighting(s), 0 incident(s)
17:09:21 INFO    app.workers.frame_worker | frame from camera 05ed7642-ff08-461f-b28f-2db08148c611 -> 0 detected, 0 kept, 0 violation(s), 0 sighting(s), 0 incident(s)
17:09:22 INFO    app.workers.frame_worker | frame from camera 05ed7642-ff08-461f-b28f-2db08148c611 -> 0 detected, 0 kept, 0 violation(s), 0 sighting(s), 0 incident(s)
17:09:23 INFO    app.workers.frame_worker | frame from camera 05ed7642-ff08-461f-b28f-2db08148c611 -> 0 detected, 0 kept, 0 violation(s), 0 sighting(s), 0 incident(s)
17:09:25 INFO    app.services.ingest | no_helmet at camera 05ed7642-ff08-461f-b28f-2db08148c611 already open as incident d34e336a-df04-4ad0-b848-30eb7e181add (9.3s ago) - not opening a second
17:09:25 INFO    app.workers.frame_worker | frame from camera 05ed7642-ff08-461f-b28f-2db08148c611 -> 1 detected, 1 kept, 1 violation(s), 1 sighting(s), 0 incident(s)
17:09:26 INFO    app.services.ingest | dedupe: 1 of 1 detections were repeats of a frame already stored
17:09:26 INFO    app.workers.frame_worker | frame from camera 05ed7642-ff08-461f-b28f-2db08148c611 -> 1 detected, 0 kept, 0 violation(s), 0 sighting(s), 0 incident(s)
17:09:27 INFO    app.services.ingest | dedupe: 1 of 1 detections were repeats of a frame already stored
17:09:27 INFO    app.workers.frame_worker | frame from camera 05ed7642-ff08-461f-b28f-2db08148c611 -> 1 detected, 0 kept, 0 violation(s), 0 sighting(s), 0 incident(s)
17:09:28 INFO    app.services.ingest | dedupe: 1 of 1 detections were repeats of a frame already stored
17:09:28 INFO    app.workers.frame_worker | frame from camera 05ed7642-ff08-461f-b28f-2db08148c611 -> 1 detected, 0 kept, 0 violation(s), 0 sighting(s), 0 incident(s)
17:09:29 INFO    app.services.ingest | no detections - saved a sample frame to logs/frames/120927_05ed7642_82724b.jpg (82724 bytes)
17:09:29 INFO    app.workers.frame_worker | frame from camera 05ed7642-ff08-461f-b28f-2db08148c611 -> 0 detected, 0 kept, 0 violation(s), 0 sighting(s), 0 incident(s)
17:09:55 INFO    app.services.ingest | no detections - saved a sample frame to logs/frames/120955_55858868_51146b.jpg (51146 bytes)
17:09:55 INFO    app.workers.frame_worker | frame from camera 55858868-8e25-47b8-8b66-bd30660db156 -> 0 detected, 0 kept, 0 violation(s), 0 sighting(s), 0 incident(s)
17:09:57 INFO    app.workers.frame_worker | frame from camera 55858868-8e25-47b8-8b66-bd30660db156 -> 0 detected, 0 kept, 0 violation(s), 0 sighting(s), 0 incident(s)
17:09:58 INFO    app.workers.frame_worker | frame from camera 55858868-8e25-47b8-8b66-bd30660db156 -> 0 detected, 0 kept, 0 violation(s), 0 sighting(s), 0 incident(s)
17:09:59 INFO    app.workers.frame_worker | frame from camera 55858868-8e25-47b8-8b66-bd30660db156 -> 0 detected, 0 kept, 0 violation(s), 0 sighting(s), 0 incident(s)
17:10:01 INFO    app.workers.frame_worker | frame from camera 55858868-8e25-47b8-8b66-bd30660db156 -> 0 detected, 0 kept, 0 violation(s), 0 sighting(s), 0 incident(s)
17:10:02 INFO    app.workers.frame_worker | frame from camera 55858868-8e25-47b8-8b66-bd30660db156 -> 0 detected, 0 kept, 0 violation(s), 0 sighting(s), 0 incident(s)
17:10:04 INFO    app.workers.frame_worker | frame from camera 55858868-8e25-47b8-8b66-bd30660db156 -> 0 detected, 0 kept, 0 violation(s), 0 sighting(s), 0 incident(s)
17:10:13 INFO    app.services.ingest | no detections - saved a sample frame to logs/frames/121013_55858868_54391b.jpg (54391 bytes)
17:10:13 INFO    app.workers.frame_worker | frame from camera 55858868-8e25-47b8-8b66-bd30660db156 -> 0 detected, 0 kept, 0 violation(s), 0 sighting(s), 0 incident(s)
17:10:14 INFO    app.workers.frame_worker | frame from camera 55858868-8e25-47b8-8b66-bd30660db156 -> 0 detected, 0 kept, 0 violation(s), 0 sighting(s), 0 incident(s)
17:10:15 INFO    app.workers.frame_worker | frame from camera 55858868-8e25-47b8-8b66-bd30660db156 -> 0 detected, 0 kept, 0 violation(s), 0 sighting(s), 0 incident(s)
17:10:16 INFO    app.workers.frame_worker | frame from camera 55858868-8e25-47b8-8b66-bd30660db156 -> 0 detected, 0 kept, 0 violation(s), 0 sighting(s), 0 incident(s)
17:10:17 INFO    app.workers.frame_worker | frame from camera 55858868-8e25-47b8-8b66-bd30660db156 -> 0 detected, 0 kept, 0 violation(s), 0 sighting(s), 0 incident(s)
17:10:18 INFO    app.workers.frame_worker | frame from camera 55858868-8e25-47b8-8b66-bd30660db156 -> 0 detected, 0 kept, 0 violation(s), 0 sighting(s), 0 incident(s)
17:10:20 INFO    app.workers.frame_worker | frame from camera 55858868-8e25-47b8-8b66-bd30660db156 -> 0 detected, 0 kept, 0 violation(s), 0 sighting(s), 0 incident(s)
17:10:21 INFO    app.workers.frame_worker | frame from camera 55858868-8e25-47b8-8b66-bd30660db156 -> 0 detected, 0 kept, 0 violation(s), 0 sighting(s), 0 incident(s)
17:10:22 INFO    app.workers.frame_worker | frame from camera 55858868-8e25-47b8-8b66-bd30660db156 -> 0 detected, 0 kept, 0 violation(s), 0 sighting(s), 0 incident(s)
17:10:23 INFO    app.workers.frame_worker | frame from camera 55858868-8e25-47b8-8b66-bd30660db156 -> 0 detected, 0 kept, 0 violation(s), 0 sighting(s), 0 incident(s)
17:10:24 INFO    app.workers.frame_worker | frame from camera 55858868-8e25-47b8-8b66-bd30660db156 -> 0 detected, 0 kept, 0 violation(s), 0 sighting(s), 0 incident(s)
17:10:26 INFO    app.workers.frame_worker | frame from camera 55858868-8e25-47b8-8b66-bd30660db156 -> 0 detected, 0 kept, 0 violation(s), 0 sighting(s), 0 incident(s)
17:10:27 INFO    app.workers.frame_worker | frame from camera 55858868-8e25-47b8-8b66-bd30660db156 -> 0 detected, 0 kept, 0 violation(s), 0 sighting(s), 0 incident(s)
17:10:28 INFO    app.services.ingest | no detections - saved a sample frame to logs/frames/121028_55858868_54565b.jpg (54565 bytes)
17:10:28 INFO    app.workers.frame_worker | frame from camera 55858868-8e25-47b8-8b66-bd30660db156 -> 0 detected, 0 kept, 0 violation(s), 0 sighting(s), 0 incident(s)
17:10:29 INFO    app.workers.frame_worker | frame from camera 55858868-8e25-47b8-8b66-bd30660db156 -> 0 detected, 0 kept, 0 violation(s), 0 sighting(s), 0 incident(s)
17:10:30 INFO    app.workers.frame_worker | frame from camera 55858868-8e25-47b8-8b66-bd30660db156 -> 0 detected, 0 kept, 0 violation(s), 0 sighting(s), 0 incident(s)
17:10:32 INFO    app.workers.frame_worker | frame from camera 55858868-8e25-47b8-8b66-bd30660db156 -> 0 detected, 0 kept, 0 violation(s), 0 sighting(s), 0 incident(s)
17:10:33 INFO    app.workers.frame_worker | frame from camera 55858868-8e25-47b8-8b66-bd30660db156 -> 0 detected, 0 kept, 0 violation(s), 0 sighting(s), 0 incident(s)
17:10:34 INFO    app.workers.frame_worker | frame from camera 55858868-8e25-47b8-8b66-bd30660db156 -> 0 detected, 0 kept, 0 violation(s), 0 sighting(s), 0 incident(s)
17:10:35 INFO    app.workers.frame_worker | frame from camera 55858868-8e25-47b8-8b66-bd30660db156 -> 0 detected, 0 kept, 0 violation(s), 0 sighting(s), 0 incident(s)
17:10:36 INFO    app.workers.frame_worker | frame from camera 55858868-8e25-47b8-8b66-bd30660db156 -> 0 detected, 0 kept, 0 violation(s), 0 sighting(s), 0 incident(s)
17:10:38 INFO    app.workers.frame_worker | frame from camera 55858868-8e25-47b8-8b66-bd30660db156 -> 0 detected, 0 kept, 0 violation(s), 0 sighting(s), 0 incident(s)
17:10:40 INFO    app.workers.frame_worker | frame from camera 55858868-8e25-47b8-8b66-bd30660db156 -> 0 detected, 0 kept, 0 violation(s), 0 sighting(s), 0 incident(s)
17:10:41 INFO    app.workers.frame_worker | frame from camera 55858868-8e25-47b8-8b66-bd30660db156 -> 0 detected, 0 kept, 0 violation(s), 0 sighting(s), 0 incident(s)
17:10:42 INFO    app.workers.frame_worker | frame from camera 55858868-8e25-47b8-8b66-bd30660db156 -> 0 detected, 0 kept, 0 violation(s), 0 sighting(s), 0 incident(s)
17:10:44 INFO    app.services.ingest | no detections - saved a sample frame to logs/frames/121044_55858868_52807b.jpg (52807 bytes)
17:10:44 INFO    app.workers.frame_worker | frame from camera 55858868-8e25-47b8-8b66-bd30660db156 -> 0 detected, 0 kept, 0 violation(s), 0 sighting(s), 0 incident(s)
17:10:46 INFO    app.workers.frame_worker | frame from camera 55858868-8e25-47b8-8b66-bd30660db156 -> 0 detected, 0 kept, 0 violation(s), 0 sighting(s), 0 incident(s)
17:10:48 INFO    app.workers.frame_worker | frame from camera 55858868-8e25-47b8-8b66-bd30660db156 -> 0 detected, 0 kept, 0 violation(s), 0 sighting(s), 0 incident(s)
17:10:51 INFO    app.workers.frame_worker | frame from camera 55858868-8e25-47b8-8b66-bd30660db156 -> 0 detected, 0 kept, 0 violation(s), 0 sighting(s), 0 incident(s)
17:10:52 INFO    app.workers.frame_worker | frame from camera 55858868-8e25-47b8-8b66-bd30660db156 -> 0 detected, 0 kept, 0 violation(s), 0 sighting(s), 0 incident(s)
17:10:53 INFO    app.workers.frame_worker | frame from camera 55858868-8e25-47b8-8b66-bd30660db156 -> 0 detected, 0 kept, 0 violation(s), 0 sighting(s), 0 incident(s)
17:10:54 INFO    app.workers.frame_worker | frame from camera 55858868-8e25-47b8-8b66-bd30660db156 -> 0 detected, 0 kept, 0 violation(s), 0 sighting(s), 0 incident(s)
17:10:56 INFO    app.workers.frame_worker | frame from camera 55858868-8e25-47b8-8b66-bd30660db156 -> 0 detected, 0 kept, 0 violation(s), 0 sighting(s), 0 incident(s)
17:10:58 INFO    app.workers.frame_worker | frame from camera 55858868-8e25-47b8-8b66-bd30660db156 -> 0 detected, 0 kept, 0 violation(s), 0 sighting(s), 0 incident(s)
17:10:59 INFO    app.workers.frame_worker | frame from camera 55858868-8e25-47b8-8b66-bd30660db156 -> 0 detected, 0 kept, 0 violation(s), 0 sighting(s), 0 incident(s)
17:11:00 INFO    app.services.ingest | no detections - saved a sample frame to logs/frames/121100_55858868_52073b.jpg (52073 bytes)
17:11:00 INFO    app.workers.frame_worker | frame from camera 55858868-8e25-47b8-8b66-bd30660db156 -> 0 detected, 0 kept, 0 violation(s), 0 sighting(s), 0 incident(s)
17:11:01 INFO    app.workers.frame_worker | frame from camera 55858868-8e25-47b8-8b66-bd30660db156 -> 0 detected, 0 kept, 0 violation(s), 0 sighting(s), 0 incident(s)
17:11:02 INFO    app.workers.frame_worker | frame from camera 55858868-8e25-47b8-8b66-bd30660db156 -> 0 detected, 0 kept, 0 violation(s), 0 sighting(s), 0 incident(s)
17:11:04 INFO    app.workers.frame_worker | frame from camera 55858868-8e25-47b8-8b66-bd30660db156 -> 0 detected, 0 kept, 0 violation(s), 0 sighting(s), 0 incident(s)
17:11:05 INFO    app.workers.frame_worker | frame from camera 55858868-8e25-47b8-8b66-bd30660db156 -> 0 detected, 0 kept, 0 violation(s), 0 sighting(s), 0 incident(s)
17:11:07 INFO    app.workers.frame_worker | frame from camera 55858868-8e25-47b8-8b66-bd30660db156 -> 0 detected, 0 kept, 0 violation(s), 0 sighting(s), 0 incident(s)
17:11:09 INFO    app.workers.frame_worker | frame from camera 55858868-8e25-47b8-8b66-bd30660db156 -> 0 detected, 0 kept, 0 violation(s), 0 sighting(s), 0 incident(s)
17:11:10 INFO    app.workers.frame_worker | frame from camera 55858868-8e25-47b8-8b66-bd30660db156 -> 0 detected, 0 kept, 0 violation(s), 0 sighting(s), 0 incident(s)
17:11:11 INFO    app.workers.frame_worker | frame from camera 55858868-8e25-47b8-8b66-bd30660db156 -> 0 detected, 0 kept, 0 violation(s), 0 sighting(s), 0 incident(s)
17:11:13 INFO    app.services.watchlist | WATCHLIST HIT: incident d34e336a-df04-4ad0-b848-30eb7e181add reappeared at Camera 2 — Tipu Sultan Rd, score 0.835
17:11:13 INFO    app.services.watchlist | WATCHLIST HIT: incident ce1d995f-10f7-4cbe-b617-274876d60232 reappeared at Camera 2 — Tipu Sultan Rd, score 0.881
17:11:13 INFO    app.services.ingest | incident 88feb21b-29e0-41fa-9698-efe49566a54d: no_helmet at camera 55858868-8e25-47b8-8b66-bd30660db156, plate=UNREADABLE (fingerprint mode)
17:11:13 INFO    app.services.ingest | incident 88feb21b-29e0-41fa-9698-efe49566a54d: 9 candidates, best 0.901
17:11:13 INFO    app.workers.frame_worker | frame from camera 55858868-8e25-47b8-8b66-bd30660db156 -> 1 detected, 1 kept, 1 violation(s), 1 sighting(s), 1 incident(s)
17:11:15 INFO    app.workers.frame_worker | frame from camera 55858868-8e25-47b8-8b66-bd30660db156 -> 0 detected, 0 kept, 0 violation(s), 0 sighting(s), 0 incident(s)
17:11:16 INFO    app.services.ingest | no detections - saved a sample frame to logs/frames/121116_55858868_90109b.jpg (90109 bytes)
17:11:16 INFO    app.workers.frame_worker | frame from camera 55858868-8e25-47b8-8b66-bd30660db156 -> 0 detected, 0 kept, 0 violation(s), 0 sighting(s), 0 incident(s)
17:11:24 INFO    app.core.events | ws client disconnected (6 left)
17:11:24 INFO    app.core.events | ws client connected (7 total)
17:11:25 INFO    app.core.events | ws client disconnected (6 left)
17:11:27 INFO    app.api.routes.matches | match 97bb7f52-6eb1-40e7-a17b-d5472807cdb1 rejected
17:11:29 INFO    app.core.events | ws client connected (7 total)
17:11:30 INFO    app.core.events | ws client disconnected (6 left)
17:11:37 INFO    app.api.routes.matches | match 74c0eaa1-4385-422d-845c-ecd92d9c3638 confirmed
17:11:39 INFO    app.api.routes.matches | match 52104c5c-2386-4017-afb7-9def9094f989 rejected
17:11:40 INFO    app.api.routes.matches | match d92f69ad-c5ff-4fc4-b642-5e2967a8d407 rejected
17:11:41 INFO    app.api.routes.matches | match f76b2cda-5eff-4dd7-a930-ea095cd538d5 rejected
17:11:42 INFO    app.api.routes.matches | match 24f3e599-cf8d-4458-b412-f135b3a52207 rejected
17:11:43 INFO    app.core.events | ws client connected (7 total)
17:11:45 INFO    app.core.events | ws client disconnected (6 left)
17:11:47 INFO    app.api.routes.matches | match 06e0564c-3530-46a6-a8a9-02603d658a50 rejected
17:11:49 INFO    app.core.events | ws client connected (7 total)
17:13:24 INFO    app.core.events | ws client disconnected (6 left)
17:13:24 INFO    app.core.events | ws client disconnected (5 left)
17:13:25 INFO    app.core.events | ws client disconnected (4 left)
17:13:25 INFO    app.core.events | ws client disconnected (3 left)
17:13:33 INFO    app.core.events | ws client connected (4 total)
17:13:33 INFO    app.core.events | ws client connected (5 total)
17:13:39 INFO    app.core.events | ws client disconnected (4 left)
17:13:39 INFO    app.core.events | ws client disconnected (3 left)
17:27:58 INFO    app.core.events | ws client disconnected (2 left)
17:27:58 INFO    app.core.events | ws client disconnected (1 left)
17:27:58 INFO    app.core.events | ws client disconnected (0 left)
17:49:28 INFO    app.core.events | ws client connected (1 total)
17:49:29 INFO    app.core.events | ws client connected (2 total)
17:49:29 INFO    app.core.events | ws client connected (3 total)
04:36:31 INFO    app.workers.frame_worker | frame worker started (queue max 8)
04:36:33 WARNING app.api.routes.admin | DEMO RESET: 10 sightings and 10 crops deleted
04:36:33 INFO    app.api.routes.cameras | camera registered: SMOKE TEST temp camera (f241b497-2950-4d75-a6cb-ef46b78b03d4)
04:36:33 INFO    app.api.routes.cameras | camera claimed: SMOKE TEST temp camera (f241b497-2950-4d75-a6cb-ef46b78b03d4)
04:36:33 INFO    app.api.routes.cameras | camera SMOKE TEST temp camera moved to 25.020000, 67.050000 (accuracy None m)
04:36:33 INFO    app.core.events | ws client connected (1 total)
04:36:35 INFO    pipeline.helmet | [check_helmet] status='helmet' confidence=0.868 rider_bbox=[614.0, 192.3, 831.6, 600.3]
04:36:36 INFO    app.workers.frame_worker | frame from camera 05ed7642-ff08-461f-b28f-2db08148c611 -> 1 detected, 1 kept, 0 violation(s), 1 sighting(s), 0 incident(s)
04:36:36 INFO    pipeline.helmet | [check_helmet] status='helmet' confidence=0.896 rider_bbox=[768.9, 229.4, 981.0, 632.2]
04:36:36 INFO    pipeline.helmet | [check_helmet] status='no_helmet' confidence=0.357 rider_bbox=[554.3, 282.4, 618.5, 419.4]
04:36:36 INFO    pipeline.helmet | [check_helmet] status='helmet' confidence=0.896 rider_bbox=[642.3, 278.9, 714.6, 403.8]
04:36:37 INFO    pipeline.helmet | [check_helmet] status='no_helmet' confidence=0.476 rider_bbox=[176.4, 282.2, 275.1, 452.2]
04:36:37 INFO    pipeline.helmet | [check_helmet] status='no_helmet' confidence=0.275 rider_bbox=[314.8, 282.8, 395.9, 435.0]
04:36:38 INFO    app.services.ingest | 2 of 5 detections were too small to identify (< 96 px tall) - dropped. Heights: 94px, 93px. A near miss means the camera only has to move closer; a number far below means the vehicle was never captured.
04:36:38 INFO    app.services.ingest | dedupe: 2 of 5 detections were repeats of a frame already stored
04:36:38 INFO    app.services.ingest | incident b757d57c-eec0-445a-9a16-6c6a97a23c6b: no_helmet at camera 55858868-8e25-47b8-8b66-bd30660db156, plate=UNREADABLE (fingerprint mode)
04:36:38 INFO    app.services.matching | incident b757d57c-eec0-445a-9a16-6c6a97a23c6b: 1 of 1 candidates below 0.70 (stored, not offered): 0.613
04:36:38 INFO    app.services.ingest | incident b757d57c-eec0-445a-9a16-6c6a97a23c6b: 1 candidates, best 0.613
04:36:38 INFO    pipeline.alpr | [read_plate] all detected plate boxes below minimum size — skipped
04:36:38 INFO    app.services.ingest | no_helmet at camera 55858868-8e25-47b8-8b66-bd30660db156 already open as incident b757d57c-eec0-445a-9a16-6c6a97a23c6b (0.0s ago) - not opening a second
04:36:38 INFO    app.workers.frame_worker | frame from camera 55858868-8e25-47b8-8b66-bd30660db156 -> 5 detected, 3 kept, 2 violation(s), 3 sighting(s), 1 incident(s)
04:36:39 INFO    pipeline.helmet | [check_helmet] status='helmet' confidence=0.839 rider_bbox=[635.6, 270.3, 825.3, 616.9]
04:36:39 INFO    pipeline.helmet | [check_helmet] status='helmet' confidence=0.839 rider_bbox=[510.4, 321.2, 565.4, 450.3]
04:36:39 INFO    pipeline.helmet | [check_helmet] status='helmet' confidence=0.839 rider_bbox=[921.0, 311.7, 1002.5, 483.6]
04:36:39 INFO    app.services.watchlist | WATCHLIST HIT: incident b757d57c-eec0-445a-9a16-6c6a97a23c6b reappeared at Camera 3 — Karsaz, score 0.605
04:36:39 INFO    app.services.watchlist | WATCHLIST HIT: incident b757d57c-eec0-445a-9a16-6c6a97a23c6b reappeared at Camera 3 — Karsaz, score 0.791
04:36:39 INFO    app.workers.frame_worker | frame from camera 57da2ffe-db48-4628-85da-481cbba62525 -> 2 detected, 2 kept, 0 violation(s), 2 sighting(s), 0 incident(s)
04:36:41 INFO    app.services.matching | burst dedupe: 3 sightings -> 2 passes
04:36:41 INFO    app.services.matching | incident b757d57c-eec0-445a-9a16-6c6a97a23c6b: 2 of 2 candidates below 0.70 (stored, not offered): 0.613, 0.605
04:36:41 INFO    app.api.routes.matches | match 09625029-625e-4afd-8286-c0d73cc4a7d1 confirmed
04:36:46 INFO    app.services.ingest | no detections - saved a sample frame to logs/frames/233646_05ed7642_25b.jpg (25 bytes)
04:36:46 INFO    app.workers.frame_worker | frame from camera 05ed7642-ff08-461f-b28f-2db08148c611 -> 0 detected, 0 kept, 0 violation(s), 0 sighting(s), 0 incident(s)
04:36:50 WARNING app.api.routes.admin | DEMO RESET: 6 sightings and 6 crops deleted
04:36:50 INFO    app.core.events | ws client disconnected (0 left)
04:46:43 WARNING app.api.routes.admin | DEMO RESET: 0 sightings and 10 crops deleted
04:46:43 INFO    app.api.routes.cameras | camera registered: SMOKE TEST temp camera (986c3bbb-195b-4def-ab94-2edf6538d568)
04:46:43 INFO    app.api.routes.cameras | camera claimed: SMOKE TEST temp camera (986c3bbb-195b-4def-ab94-2edf6538d568)
04:46:43 INFO    app.api.routes.cameras | camera SMOKE TEST temp camera moved to 25.020000, 67.050000 (accuracy None m)
04:46:43 INFO    app.core.events | ws client connected (1 total)
04:46:45 INFO    pipeline.helmet | [check_helmet] status='helmet' confidence=0.868 rider_bbox=[614.0, 192.3, 831.6, 600.3]
04:46:46 INFO    app.workers.frame_worker | frame from camera 05ed7642-ff08-461f-b28f-2db08148c611 -> 1 detected, 1 kept, 0 violation(s), 1 sighting(s), 0 incident(s)
04:46:46 INFO    pipeline.helmet | [check_helmet] status='helmet' confidence=0.896 rider_bbox=[768.9, 229.4, 981.0, 632.2]
04:46:46 INFO    pipeline.helmet | [check_helmet] status='no_helmet' confidence=0.357 rider_bbox=[554.3, 282.4, 618.5, 419.4]
04:46:47 INFO    pipeline.helmet | [check_helmet] status='helmet' confidence=0.896 rider_bbox=[642.3, 278.9, 714.6, 403.8]
04:46:47 INFO    pipeline.helmet | [check_helmet] status='no_helmet' confidence=0.476 rider_bbox=[176.4, 282.2, 275.1, 452.2]
04:46:47 INFO    pipeline.helmet | [check_helmet] status='no_helmet' confidence=0.275 rider_bbox=[314.8, 282.8, 395.9, 435.0]
04:46:48 INFO    app.services.ingest | 2 of 5 detections were too small to identify (< 96 px tall) - dropped. Heights: 94px, 93px. A near miss means the camera only has to move closer; a number far below means the vehicle was never captured.
04:46:48 INFO    app.services.ingest | dedupe: 2 of 5 detections were repeats of a frame already stored
04:46:48 INFO    app.services.ingest | incident 251211ac-ce4b-46cc-86b7-da00cb3a5ee9: no_helmet at camera 55858868-8e25-47b8-8b66-bd30660db156, plate=UNREADABLE (fingerprint mode)
04:46:48 INFO    app.services.matching | incident 251211ac-ce4b-46cc-86b7-da00cb3a5ee9: 1 of 1 candidates below 0.70 (stored, not offered): 0.613
04:46:48 INFO    app.services.ingest | incident 251211ac-ce4b-46cc-86b7-da00cb3a5ee9: 1 candidates, best 0.613
04:46:48 INFO    pipeline.alpr | [read_plate] all detected plate boxes below minimum size — skipped
04:46:48 INFO    app.services.ingest | no_helmet at camera 55858868-8e25-47b8-8b66-bd30660db156 already open as incident 251211ac-ce4b-46cc-86b7-da00cb3a5ee9 (0.0s ago) - not opening a second
04:46:48 INFO    app.workers.frame_worker | frame from camera 55858868-8e25-47b8-8b66-bd30660db156 -> 5 detected, 3 kept, 2 violation(s), 3 sighting(s), 1 incident(s)
04:46:49 INFO    pipeline.helmet | [check_helmet] status='helmet' confidence=0.839 rider_bbox=[635.6, 270.3, 825.3, 616.9]
04:46:49 INFO    pipeline.helmet | [check_helmet] status='helmet' confidence=0.839 rider_bbox=[510.4, 321.2, 565.4, 450.3]
04:46:49 INFO    pipeline.helmet | [check_helmet] status='helmet' confidence=0.839 rider_bbox=[921.0, 311.7, 1002.5, 483.6]
04:46:50 INFO    app.services.watchlist | WATCHLIST HIT: incident 251211ac-ce4b-46cc-86b7-da00cb3a5ee9 reappeared at Camera 3 — Karsaz, score 0.605
04:46:50 INFO    app.services.watchlist | WATCHLIST HIT: incident 251211ac-ce4b-46cc-86b7-da00cb3a5ee9 reappeared at Camera 3 — Karsaz, score 0.791
04:46:50 INFO    app.workers.frame_worker | frame from camera 57da2ffe-db48-4628-85da-481cbba62525 -> 2 detected, 2 kept, 0 violation(s), 2 sighting(s), 0 incident(s)
04:46:50 INFO    app.services.matching | burst dedupe: 3 sightings -> 2 passes
04:46:50 INFO    app.services.matching | incident 251211ac-ce4b-46cc-86b7-da00cb3a5ee9: 2 of 2 candidates below 0.70 (stored, not offered): 0.613, 0.605
04:46:51 INFO    app.api.routes.matches | match 0e02cb74-788f-4145-8b4d-b581eb11fd4f confirmed
04:46:56 INFO    app.services.ingest | no detections - saved a sample frame to logs/frames/234656_05ed7642_25b.jpg (25 bytes)
04:46:56 INFO    app.workers.frame_worker | frame from camera 05ed7642-ff08-461f-b28f-2db08148c611 -> 0 detected, 0 kept, 0 violation(s), 0 sighting(s), 0 incident(s)
04:47:00 WARNING app.api.routes.admin | DEMO RESET: 6 sightings and 6 crops deleted
04:47:00 INFO    app.core.events | ws client disconnected (0 left)
04:47:01 WARNING app.api.routes.admin | DEMO RESET: 0 sightings and 0 crops deleted
04:47:02 INFO    pipeline.helmet | [check_helmet] status='no_helmet' confidence=0.518 rider_bbox=[287.2, 231.9, 458.0, 432.3]
04:47:03 INFO    app.services.ingest | incident 1eb6c492-c547-4a07-855a-2ec60f51dda7: no_helmet at camera 05ed7642-ff08-461f-b28f-2db08148c611, plate=UNREADABLE (fingerprint mode)
04:47:03 INFO    app.workers.frame_worker | frame from camera 05ed7642-ff08-461f-b28f-2db08148c611 -> 1 detected, 1 kept, 1 violation(s), 1 sighting(s), 1 incident(s)
04:47:04 INFO    pipeline.helmet | [check_helmet] status='no_helmet' confidence=0.518 rider_bbox=[287.2, 231.9, 458.0, 432.3]
04:47:04 INFO    app.services.ingest | dedupe: 1 of 1 detections were repeats of a frame already stored
04:47:04 INFO    app.workers.frame_worker | frame from camera 05ed7642-ff08-461f-b28f-2db08148c611 -> 1 detected, 0 kept, 0 violation(s), 0 sighting(s), 0 incident(s)
04:47:04 INFO    pipeline.helmet | [check_helmet] status='no_helmet' confidence=0.518 rider_bbox=[287.2, 231.9, 458.0, 432.3]
04:47:05 INFO    app.services.ingest | dedupe: 1 of 1 detections were repeats of a frame already stored
04:47:05 INFO    app.workers.frame_worker | frame from camera 05ed7642-ff08-461f-b28f-2db08148c611 -> 1 detected, 0 kept, 0 violation(s), 0 sighting(s), 0 incident(s)
04:47:05 INFO    pipeline.helmet | [check_helmet] status='no_helmet' confidence=0.518 rider_bbox=[287.2, 231.9, 458.0, 432.3]
04:47:06 INFO    app.services.ingest | dedupe: 1 of 1 detections were repeats of a frame already stored
04:47:06 INFO    app.workers.frame_worker | frame from camera 05ed7642-ff08-461f-b28f-2db08148c611 -> 1 detected, 0 kept, 0 violation(s), 0 sighting(s), 0 incident(s)
04:47:06 INFO    pipeline.helmet | [check_helmet] status='no_helmet' confidence=0.518 rider_bbox=[287.2, 231.9, 458.0, 432.3]
04:47:09 INFO    app.services.ingest | dedupe: 1 of 1 detections were repeats of a frame already stored
04:47:09 INFO    app.workers.frame_worker | frame from camera 05ed7642-ff08-461f-b28f-2db08148c611 -> 1 detected, 0 kept, 0 violation(s), 0 sighting(s), 0 incident(s)
04:47:09 INFO    pipeline.helmet | [check_helmet] status='no_helmet' confidence=0.518 rider_bbox=[287.2, 231.9, 458.0, 432.3]
04:47:09 INFO    app.services.watchlist | WATCHLIST HIT: incident 1eb6c492-c547-4a07-855a-2ec60f51dda7 reappeared at Camera 2 — Tipu Sultan Rd, score 1.000
04:47:09 INFO    app.services.ingest | incident e9bdebe3-eedd-4541-8560-68bbc57276cc: no_helmet at camera 55858868-8e25-47b8-8b66-bd30660db156, plate=UNREADABLE (fingerprint mode)
04:47:09 INFO    app.services.ingest | incident e9bdebe3-eedd-4541-8560-68bbc57276cc: 1 candidates, best 1.000
04:47:09 INFO    app.workers.frame_worker | frame from camera 55858868-8e25-47b8-8b66-bd30660db156 -> 1 detected, 1 kept, 1 violation(s), 1 sighting(s), 1 incident(s)
04:47:11 INFO    pipeline.helmet | [check_helmet] status='no_helmet' confidence=0.518 rider_bbox=[287.2, 231.9, 458.0, 432.3]
04:47:12 INFO    app.services.watchlist | WATCHLIST HIT: incident e9bdebe3-eedd-4541-8560-68bbc57276cc reappeared at Camera 3 — Karsaz, score 1.000
04:47:12 INFO    app.services.watchlist | WATCHLIST HIT: incident 1eb6c492-c547-4a07-855a-2ec60f51dda7 reappeared at Camera 3 — Karsaz, score 1.000
04:47:12 INFO    app.services.ingest | incident 40a97a51-3c97-4700-8308-8dfd43f9ea65: no_helmet at camera 57da2ffe-db48-4628-85da-481cbba62525, plate=UNREADABLE (fingerprint mode)
04:47:12 INFO    app.services.ingest | incident 40a97a51-3c97-4700-8308-8dfd43f9ea65: 2 candidates, best 1.000
04:47:12 INFO    app.workers.frame_worker | frame from camera 57da2ffe-db48-4628-85da-481cbba62525 -> 1 detected, 1 kept, 1 violation(s), 1 sighting(s), 1 incident(s)
04:47:12 INFO    app.services.matches | case e9bdebe3-eedd-4541-8560-68bbc57276cc folded into 1eb6c492-c547-4a07-855a-2ec60f51dda7 - the officer confirmed they are one vehicle
04:47:12 INFO    app.api.routes.matches | match a017e130-2fc4-4300-8e36-8610ec4cdb19 confirmed
04:47:14 INFO    app.services.matches | case 40a97a51-3c97-4700-8308-8dfd43f9ea65 folded into 1eb6c492-c547-4a07-855a-2ec60f51dda7 - the officer confirmed they are one vehicle
04:47:14 INFO    app.api.routes.matches | match 056da8a7-292b-460e-a8b8-c582bb9c4080 confirmed
04:47:15 INFO    pipeline.helmet | [check_helmet] status='helmet' confidence=0.777 rider_bbox=[625.9, 351.8, 787.4, 631.3]
04:47:16 INFO    pipeline.helmet | [check_helmet] status='helmet' confidence=0.777 rider_bbox=[635.7, 329.4, 671.7, 438.6]
04:47:16 INFO    pipeline.helmet | [check_helmet] status='helmet' confidence=0.472 rider_bbox=[1123.4, 377.9, 1241.8, 574.0]
04:47:16 INFO    pipeline.helmet | [check_helmet] status='no_helmet' confidence=0.502 rider_bbox=[1236.7, 456.7, 1407.8, 761.5]
04:47:17 INFO    pipeline.helmet | [check_helmet] status='helmet' confidence=0.498 rider_bbox=[967.5, 351.8, 1059.6, 544.6]
04:47:17 INFO    pipeline.helmet | [check_helmet] status='helmet' confidence=0.777 rider_bbox=[635.7, 329.4, 671.7, 438.6]
04:47:18 INFO    app.services.watchlist | WATCHLIST HIT: incident 40a97a51-3c97-4700-8308-8dfd43f9ea65 reappeared at Camera 2 — Tipu Sultan Rd, score 0.609
04:47:18 INFO    app.services.watchlist | WATCHLIST HIT: incident 40a97a51-3c97-4700-8308-8dfd43f9ea65 reappeared at Camera 2 — Tipu Sultan Rd, score 0.632
04:47:19 INFO    app.services.ingest | incident 12a2dfd5-4021-44ba-ba67-493939fdf1e2: no_helmet at camera 55858868-8e25-47b8-8b66-bd30660db156, plate=UNREADABLE (fingerprint mode)
04:47:19 INFO    app.services.watchlist | WATCHLIST HIT: incident 40a97a51-3c97-4700-8308-8dfd43f9ea65 reappeared at Camera 2 — Tipu Sultan Rd, score 0.680
04:47:19 INFO    app.services.watchlist | WATCHLIST HIT: incident 40a97a51-3c97-4700-8308-8dfd43f9ea65 reappeared at Camera 2 — Tipu Sultan Rd, score 0.641
04:47:19 INFO    app.workers.frame_worker | frame from camera 55858868-8e25-47b8-8b66-bd30660db156 -> 6 detected, 6 kept, 1 violation(s), 6 sighting(s), 1 incident(s)
04:47:19 WARNING app.api.routes.admin | DEMO RESET: 9 sightings and 7 crops deleted
04:47:49 WARNING app.api.routes.admin | DEMO RESET: 0 sightings and 0 crops deleted
04:47:49 INFO    pipeline.helmet | [check_helmet] status='no_helmet' confidence=0.518 rider_bbox=[287.2, 231.9, 458.0, 432.3]
04:47:50 INFO    app.services.ingest | incident b747ca1b-589b-4996-92fd-ce4286ec32e9: no_helmet at camera 05ed7642-ff08-461f-b28f-2db08148c611, plate=UNREADABLE (fingerprint mode)
04:47:50 INFO    app.workers.frame_worker | frame from camera 05ed7642-ff08-461f-b28f-2db08148c611 -> 1 detected, 1 kept, 1 violation(s), 1 sighting(s), 1 incident(s)
04:47:50 INFO    pipeline.helmet | [check_helmet] status='no_helmet' confidence=0.518 rider_bbox=[287.2, 231.9, 458.0, 432.3]
04:47:51 INFO    app.services.ingest | dedupe: 1 of 1 detections were repeats of a frame already stored
04:47:51 INFO    app.workers.frame_worker | frame from camera 05ed7642-ff08-461f-b28f-2db08148c611 -> 1 detected, 0 kept, 0 violation(s), 0 sighting(s), 0 incident(s)
04:47:51 INFO    pipeline.helmet | [check_helmet] status='no_helmet' confidence=0.518 rider_bbox=[287.2, 231.9, 458.0, 432.3]
04:47:51 INFO    app.services.ingest | dedupe: 1 of 1 detections were repeats of a frame already stored
04:47:51 INFO    app.workers.frame_worker | frame from camera 05ed7642-ff08-461f-b28f-2db08148c611 -> 1 detected, 0 kept, 0 violation(s), 0 sighting(s), 0 incident(s)
04:47:52 INFO    pipeline.helmet | [check_helmet] status='no_helmet' confidence=0.518 rider_bbox=[287.2, 231.9, 458.0, 432.3]
04:47:52 INFO    app.services.ingest | dedupe: 1 of 1 detections were repeats of a frame already stored
04:47:52 INFO    app.workers.frame_worker | frame from camera 05ed7642-ff08-461f-b28f-2db08148c611 -> 1 detected, 0 kept, 0 violation(s), 0 sighting(s), 0 incident(s)
04:47:52 INFO    pipeline.helmet | [check_helmet] status='no_helmet' confidence=0.518 rider_bbox=[287.2, 231.9, 458.0, 432.3]
04:47:53 INFO    app.services.ingest | dedupe: 1 of 1 detections were repeats of a frame already stored
04:47:53 INFO    app.workers.frame_worker | frame from camera 05ed7642-ff08-461f-b28f-2db08148c611 -> 1 detected, 0 kept, 0 violation(s), 0 sighting(s), 0 incident(s)
04:47:54 INFO    pipeline.helmet | [check_helmet] status='no_helmet' confidence=0.518 rider_bbox=[287.2, 231.9, 458.0, 432.3]
04:47:55 INFO    app.services.watchlist | WATCHLIST HIT: incident b747ca1b-589b-4996-92fd-ce4286ec32e9 reappeared at Camera 2 — Tipu Sultan Rd, score 1.000
04:47:55 INFO    app.services.ingest | incident 4b4fb07a-97c4-4824-8f9d-40a6a0c1e47e: no_helmet at camera 55858868-8e25-47b8-8b66-bd30660db156, plate=UNREADABLE (fingerprint mode)
04:47:55 INFO    app.services.ingest | incident 4b4fb07a-97c4-4824-8f9d-40a6a0c1e47e: 1 candidates, best 1.000
04:47:55 INFO    app.workers.frame_worker | frame from camera 55858868-8e25-47b8-8b66-bd30660db156 -> 1 detected, 1 kept, 1 violation(s), 1 sighting(s), 1 incident(s)
04:47:55 INFO    pipeline.helmet | [check_helmet] status='no_helmet' confidence=0.518 rider_bbox=[287.2, 231.9, 458.0, 432.3]
04:47:56 INFO    app.services.watchlist | WATCHLIST HIT: incident 4b4fb07a-97c4-4824-8f9d-40a6a0c1e47e reappeared at Camera 3 — Karsaz, score 1.000
04:47:56 INFO    app.services.watchlist | WATCHLIST HIT: incident b747ca1b-589b-4996-92fd-ce4286ec32e9 reappeared at Camera 3 — Karsaz, score 1.000
04:47:56 INFO    app.services.ingest | incident b19f3659-77e5-47bd-998c-0b5757270fe6: no_helmet at camera 57da2ffe-db48-4628-85da-481cbba62525, plate=UNREADABLE (fingerprint mode)
04:47:56 INFO    app.services.ingest | incident b19f3659-77e5-47bd-998c-0b5757270fe6: 2 candidates, best 1.000
04:47:56 INFO    app.workers.frame_worker | frame from camera 57da2ffe-db48-4628-85da-481cbba62525 -> 1 detected, 1 kept, 1 violation(s), 1 sighting(s), 1 incident(s)
04:47:56 INFO    app.services.matches | case 4b4fb07a-97c4-4824-8f9d-40a6a0c1e47e folded into b747ca1b-589b-4996-92fd-ce4286ec32e9 - the officer confirmed they are one vehicle
04:47:56 INFO    app.api.routes.matches | match e17ee603-b090-43b5-8f32-0a0254b68b3d confirmed
04:47:58 INFO    app.services.matches | case b19f3659-77e5-47bd-998c-0b5757270fe6 folded into b747ca1b-589b-4996-92fd-ce4286ec32e9 - the officer confirmed they are one vehicle
04:47:58 INFO    app.api.routes.matches | match 6d37f835-2537-4804-9868-3314f4c5de02 confirmed
04:48:00 INFO    pipeline.helmet | [check_helmet] status='helmet' confidence=0.777 rider_bbox=[625.9, 351.8, 787.4, 631.3]
04:48:00 INFO    pipeline.helmet | [check_helmet] status='helmet' confidence=0.777 rider_bbox=[635.7, 329.4, 671.7, 438.6]
04:48:01 INFO    pipeline.helmet | [check_helmet] status='helmet' confidence=0.472 rider_bbox=[1123.4, 377.9, 1241.8, 574.0]
04:48:01 INFO    pipeline.helmet | [check_helmet] status='no_helmet' confidence=0.502 rider_bbox=[1236.7, 456.7, 1407.8, 761.5]
04:48:01 INFO    pipeline.helmet | [check_helmet] status='helmet' confidence=0.498 rider_bbox=[967.5, 351.8, 1059.6, 544.6]
04:48:01 INFO    pipeline.helmet | [check_helmet] status='helmet' confidence=0.777 rider_bbox=[635.7, 329.4, 671.7, 438.6]
04:48:02 INFO    app.services.watchlist | WATCHLIST HIT: incident b19f3659-77e5-47bd-998c-0b5757270fe6 reappeared at Camera 2 — Tipu Sultan Rd, score 0.609
04:48:02 INFO    app.services.watchlist | WATCHLIST HIT: incident b19f3659-77e5-47bd-998c-0b5757270fe6 reappeared at Camera 2 — Tipu Sultan Rd, score 0.632
04:48:02 INFO    app.services.ingest | incident 24830d56-24fc-4693-a7b1-b1f4365a9852: no_helmet at camera 55858868-8e25-47b8-8b66-bd30660db156, plate=UNREADABLE (fingerprint mode)
04:48:02 INFO    app.services.watchlist | WATCHLIST HIT: incident b19f3659-77e5-47bd-998c-0b5757270fe6 reappeared at Camera 2 — Tipu Sultan Rd, score 0.680
04:48:02 INFO    app.services.watchlist | WATCHLIST HIT: incident b19f3659-77e5-47bd-998c-0b5757270fe6 reappeared at Camera 2 — Tipu Sultan Rd, score 0.641
04:48:02 INFO    app.workers.frame_worker | frame from camera 55858868-8e25-47b8-8b66-bd30660db156 -> 6 detected, 6 kept, 1 violation(s), 6 sighting(s), 1 incident(s)
04:48:03 WARNING app.api.routes.admin | DEMO RESET: 9 sightings and 7 crops deleted
04:50:36 INFO    app.workers.frame_worker | frame worker started (queue max 8)
05:01:00 WARNING app.api.routes.admin | DEMO RESET: 0 sightings and 0 crops deleted
05:09:00 INFO    app.core.events | ws client connected (1 total)
05:09:00 INFO    app.core.events | ws client connected (2 total)
05:09:00 INFO    app.core.events | ws client connected (3 total)
05:11:01 INFO    app.core.events | ws client connected (4 total)
05:11:01 INFO    app.core.events | ws client connected (5 total)
05:11:05 INFO    app.api.routes.cameras | camera claimed: Camera 1 — Shahrah-e-Faisal (05ed7642-ff08-461f-b28f-2db08148c611)
05:12:32 INFO    app.api.routes.cameras | camera Camera 1 — Shahrah-e-Faisal moved to 25.010952, 67.040118 (accuracy None m)
05:14:21 INFO    app.core.events | ws client connected (6 total)
05:14:21 INFO    app.core.events | ws client connected (7 total)
05:14:49 INFO    app.core.events | ws client disconnected (6 left)
05:14:49 INFO    app.core.events | ws client disconnected (5 left)
05:14:50 INFO    app.core.events | ws client connected (6 total)
05:14:50 INFO    app.core.events | ws client connected (7 total)
05:14:54 INFO    app.api.routes.cameras | camera claimed: Camera 2 — Tipu Sultan Rd (55858868-8e25-47b8-8b66-bd30660db156)
05:15:43 INFO    app.api.routes.cameras | camera Camera 2 — Tipu Sultan Rd moved to 25.002904, 67.042446 (accuracy None m)
05:18:10 INFO    app.core.events | ws client disconnected (6 left)
05:18:10 INFO    app.core.events | ws client disconnected (5 left)
05:20:11 INFO    app.core.events | ws client connected (6 total)
05:20:11 INFO    app.core.events | ws client connected (7 total)
05:20:11 INFO    app.core.events | ws client connected (8 total)
05:20:11 INFO    app.core.events | ws client connected (9 total)
05:20:23 INFO    app.core.events | ws client disconnected (8 left)
05:20:23 INFO    app.core.events | ws client disconnected (7 left)
05:20:23 INFO    app.core.events | ws client connected (8 total)
05:20:23 INFO    app.core.events | ws client connected (9 total)
05:20:49 INFO    app.core.events | ws client disconnected (8 left)
05:20:49 INFO    app.core.events | ws client disconnected (7 left)
05:20:50 INFO    app.core.events | ws client connected (8 total)
05:20:50 INFO    app.core.events | ws client connected (9 total)
05:20:57 INFO    app.api.routes.cameras | camera claimed: Camera 3 — Karsaz (57da2ffe-db48-4628-85da-481cbba62525)
05:21:38 INFO    app.api.routes.cameras | camera Camera 3 — Karsaz moved to 25.006017, 67.055169 (accuracy None m)
05:21:45 INFO    app.services.ingest | no detections - saved a sample frame to logs/frames/122243_57da2ffe_66007b.jpg (66007 bytes)
05:21:45 INFO    app.workers.frame_worker | frame from camera 57da2ffe-db48-4628-85da-481cbba62525 -> 0 detected, 0 kept, 0 violation(s), 0 sighting(s), 0 incident(s)
05:22:05 INFO    app.services.ingest | no detections - saved a sample frame to logs/frames/122302_05ed7642_15424b.jpg (15424 bytes)
05:22:05 INFO    app.workers.frame_worker | frame from camera 05ed7642-ff08-461f-b28f-2db08148c611 -> 0 detected, 0 kept, 0 violation(s), 0 sighting(s), 0 incident(s)
05:22:10 INFO    app.services.ingest | no detections - saved a sample frame to logs/frames/122307_55858868_55087b.jpg (55087 bytes)
05:22:10 INFO    app.workers.frame_worker | frame from camera 55858868-8e25-47b8-8b66-bd30660db156 -> 0 detected, 0 kept, 0 violation(s), 0 sighting(s), 0 incident(s)
05:22:29 INFO    app.services.ingest | no detections - saved a sample frame to logs/frames/122325_05ed7642_28648b.jpg (28648 bytes)
05:22:29 INFO    app.workers.frame_worker | frame from camera 05ed7642-ff08-461f-b28f-2db08148c611 -> 0 detected, 0 kept, 0 violation(s), 0 sighting(s), 0 incident(s)
05:22:30 INFO    pipeline.helmet | [check_helmet] status='no_helmet' confidence=0.378 rider_bbox=[662.1, 736.4, 764.0, 910.9]
05:22:31 INFO    app.services.ingest | incident 2720ceb7-a122-45fd-bb01-59e6d3441a7b: no_helmet at camera 05ed7642-ff08-461f-b28f-2db08148c611, plate=UNREADABLE (fingerprint mode)
05:22:31 INFO    app.workers.frame_worker | frame from camera 05ed7642-ff08-461f-b28f-2db08148c611 -> 1 detected, 1 kept, 1 violation(s), 1 sighting(s), 1 incident(s)
05:22:31 INFO    app.workers.frame_worker | frame from camera 05ed7642-ff08-461f-b28f-2db08148c611 -> 0 detected, 0 kept, 0 violation(s), 0 sighting(s), 0 incident(s)
05:22:32 INFO    app.workers.frame_worker | frame from camera 05ed7642-ff08-461f-b28f-2db08148c611 -> 0 detected, 0 kept, 0 violation(s), 0 sighting(s), 0 incident(s)
05:22:34 INFO    pipeline.helmet | [check_helmet] status='no_helmet' confidence=0.810 rider_bbox=[219.0, 611.3, 516.9, 1176.3]
05:22:34 INFO    app.services.ingest | dedupe: 1 of 1 detections were repeats of a frame already stored
05:22:34 INFO    app.workers.frame_worker | frame from camera 05ed7642-ff08-461f-b28f-2db08148c611 -> 1 detected, 0 kept, 0 violation(s), 0 sighting(s), 0 incident(s)
05:22:35 INFO    app.workers.frame_worker | frame from camera 05ed7642-ff08-461f-b28f-2db08148c611 -> 0 detected, 0 kept, 0 violation(s), 0 sighting(s), 0 incident(s)
05:23:15 INFO    app.services.ingest | no detections - saved a sample frame to logs/frames/122412_55858868_27365b.jpg (27365 bytes)
05:23:15 INFO    app.workers.frame_worker | frame from camera 55858868-8e25-47b8-8b66-bd30660db156 -> 0 detected, 0 kept, 0 violation(s), 0 sighting(s), 0 incident(s)
05:23:16 INFO    pipeline.helmet | [check_helmet] status='no_helmet' confidence=0.278 rider_bbox=[535.4, 859.6, 617.1, 1015.3]
05:23:16 INFO    app.services.ingest | incident 1d54eaa5-1e7e-41ac-842b-07f48f2dc7ce: no_helmet at camera 55858868-8e25-47b8-8b66-bd30660db156, plate=UNREADABLE (fingerprint mode)
05:23:16 INFO    app.services.ingest | incident 1d54eaa5-1e7e-41ac-842b-07f48f2dc7ce: 1 candidates, best 0.878
05:23:16 INFO    app.workers.frame_worker | frame from camera 55858868-8e25-47b8-8b66-bd30660db156 -> 1 detected, 1 kept, 1 violation(s), 1 sighting(s), 1 incident(s)
05:23:17 INFO    app.workers.frame_worker | frame from camera 55858868-8e25-47b8-8b66-bd30660db156 -> 0 detected, 0 kept, 0 violation(s), 0 sighting(s), 0 incident(s)
05:23:19 INFO    pipeline.helmet | [check_helmet] status='no_helmet' confidence=0.409 rider_bbox=[594.7, 777.9, 779.7, 1127.0]
05:23:19 INFO    app.services.ingest | dedupe: 1 of 1 detections were repeats of a frame already stored
05:23:19 INFO    app.workers.frame_worker | frame from camera 55858868-8e25-47b8-8b66-bd30660db156 -> 1 detected, 0 kept, 0 violation(s), 0 sighting(s), 0 incident(s)
05:23:20 INFO    app.workers.frame_worker | frame from camera 55858868-8e25-47b8-8b66-bd30660db156 -> 0 detected, 0 kept, 0 violation(s), 0 sighting(s), 0 incident(s)
05:23:21 INFO    app.workers.frame_worker | frame from camera 55858868-8e25-47b8-8b66-bd30660db156 -> 0 detected, 0 kept, 0 violation(s), 0 sighting(s), 0 incident(s)
05:23:41 INFO    app.services.ingest | no detections - saved a sample frame to logs/frames/122438_05ed7642_73681b.jpg (73681 bytes)
05:23:41 INFO    app.workers.frame_worker | frame from camera 05ed7642-ff08-461f-b28f-2db08148c611 -> 0 detected, 0 kept, 0 violation(s), 0 sighting(s), 0 incident(s)
05:23:42 INFO    app.workers.frame_worker | frame from camera 05ed7642-ff08-461f-b28f-2db08148c611 -> 0 detected, 0 kept, 0 violation(s), 0 sighting(s), 0 incident(s)
05:23:44 INFO    app.services.ingest | 1 of 1 detections were too small to identify (< 96 px tall) - dropped. Heights: 76px. A near miss means the camera only has to move closer; a number far below means the vehicle was never captured.
05:23:44 INFO    app.workers.frame_worker | frame from camera 05ed7642-ff08-461f-b28f-2db08148c611 -> 1 detected, 0 kept, 0 violation(s), 0 sighting(s), 0 incident(s)
05:23:45 INFO    app.workers.frame_worker | frame from camera 05ed7642-ff08-461f-b28f-2db08148c611 -> 1 detected, 1 kept, 0 violation(s), 1 sighting(s), 0 incident(s)
05:23:46 INFO    pipeline.helmet | [check_helmet] status='helmet' confidence=0.436 rider_bbox=[580.4, 829.6, 678.6, 995.5]
05:23:46 INFO    app.services.ingest | dedupe: 1 of 1 detections were repeats of a frame already stored
05:23:46 INFO    app.workers.frame_worker | frame from camera 05ed7642-ff08-461f-b28f-2db08148c611 -> 1 detected, 0 kept, 0 violation(s), 0 sighting(s), 0 incident(s)
05:23:47 INFO    app.workers.frame_worker | frame from camera 05ed7642-ff08-461f-b28f-2db08148c611 -> 0 detected, 0 kept, 0 violation(s), 0 sighting(s), 0 incident(s)
05:23:48 INFO    app.workers.frame_worker | frame from camera 05ed7642-ff08-461f-b28f-2db08148c611 -> 0 detected, 0 kept, 0 violation(s), 0 sighting(s), 0 incident(s)
05:23:49 INFO    app.workers.frame_worker | frame from camera 05ed7642-ff08-461f-b28f-2db08148c611 -> 0 detected, 0 kept, 0 violation(s), 0 sighting(s), 0 incident(s)
05:23:50 INFO    app.services.ingest | 1 of 1 detections were too small to identify (< 96 px tall) - dropped. Heights: 70px. A near miss means the camera only has to move closer; a number far below means the vehicle was never captured.
05:23:50 INFO    app.workers.frame_worker | frame from camera 05ed7642-ff08-461f-b28f-2db08148c611 -> 1 detected, 0 kept, 0 violation(s), 0 sighting(s), 0 incident(s)
05:23:52 INFO    app.workers.frame_worker | frame from camera 05ed7642-ff08-461f-b28f-2db08148c611 -> 0 detected, 0 kept, 0 violation(s), 0 sighting(s), 0 incident(s)
05:23:53 INFO    pipeline.helmet | [check_helmet] status='unknown' confidence=0.000 rider_bbox=[497.3, 1042.5, 593.7, 1202.0] (no boxes at all)
05:23:53 INFO    app.workers.frame_worker | frame from camera 05ed7642-ff08-461f-b28f-2db08148c611 -> 1 detected, 1 kept, 0 violation(s), 1 sighting(s), 0 incident(s)
05:23:54 INFO    pipeline.helmet | [check_helmet] status='unknown' confidence=0.000 rider_bbox=[418.1, 992.4, 550.4, 1229.7] (no boxes at all)
05:23:54 INFO    app.services.ingest | dedupe: 1 of 1 detections were repeats of a frame already stored
05:23:54 INFO    app.workers.frame_worker | frame from camera 05ed7642-ff08-461f-b28f-2db08148c611 -> 1 detected, 0 kept, 0 violation(s), 0 sighting(s), 0 incident(s)
05:23:55 INFO    app.workers.frame_worker | frame from camera 05ed7642-ff08-461f-b28f-2db08148c611 -> 0 detected, 0 kept, 0 violation(s), 0 sighting(s), 0 incident(s)
05:23:56 INFO    app.services.ingest | no detections - saved a sample frame to logs/frames/122453_05ed7642_80491b.jpg (80491 bytes)
05:23:56 INFO    app.workers.frame_worker | frame from camera 05ed7642-ff08-461f-b28f-2db08148c611 -> 0 detected, 0 kept, 0 violation(s), 0 sighting(s), 0 incident(s)
05:23:57 INFO    app.workers.frame_worker | frame from camera 05ed7642-ff08-461f-b28f-2db08148c611 -> 0 detected, 0 kept, 0 violation(s), 0 sighting(s), 0 incident(s)
05:23:59 INFO    app.services.ingest | 1 of 1 detections were too small to identify (< 96 px tall) - dropped. Heights: 69px. A near miss means the camera only has to move closer; a number far below means the vehicle was never captured.
05:23:59 INFO    app.workers.frame_worker | frame from camera 05ed7642-ff08-461f-b28f-2db08148c611 -> 1 detected, 0 kept, 0 violation(s), 0 sighting(s), 0 incident(s)
05:24:00 INFO    app.services.ingest | 1 of 1 detections were too small to identify (< 96 px tall) - dropped. Heights: 84px. A near miss means the camera only has to move closer; a number far below means the vehicle was never captured.
05:24:00 INFO    app.workers.frame_worker | frame from camera 05ed7642-ff08-461f-b28f-2db08148c611 -> 1 detected, 0 kept, 0 violation(s), 0 sighting(s), 0 incident(s)
05:24:01 INFO    pipeline.helmet | [check_helmet] status='unknown' confidence=0.000 rider_bbox=[386.5, 1003.7, 484.9, 1166.4] (no boxes at all)
05:24:01 INFO    app.services.ingest | 1 of 2 detections were too small to identify (< 96 px tall) - dropped. Heights: 67px. A near miss means the camera only has to move closer; a number far below means the vehicle was never captured.
05:24:01 INFO    app.services.ingest | dedupe: 1 of 2 detections were repeats of a frame already stored
05:24:01 INFO    app.workers.frame_worker | frame from camera 05ed7642-ff08-461f-b28f-2db08148c611 -> 2 detected, 1 kept, 0 violation(s), 1 sighting(s), 0 incident(s)
05:24:02 INFO    app.workers.frame_worker | frame from camera 05ed7642-ff08-461f-b28f-2db08148c611 -> 0 detected, 0 kept, 0 violation(s), 0 sighting(s), 0 incident(s)
05:24:03 INFO    app.services.ingest | 1 of 1 detections were too small to identify (< 96 px tall) - dropped. Heights: 77px. A near miss means the camera only has to move closer; a number far below means the vehicle was never captured.
05:24:03 INFO    app.workers.frame_worker | frame from camera 05ed7642-ff08-461f-b28f-2db08148c611 -> 1 detected, 0 kept, 0 violation(s), 0 sighting(s), 0 incident(s)
05:24:04 INFO    app.services.ingest | dedupe: 1 of 1 detections were repeats of a frame already stored
05:24:04 INFO    app.workers.frame_worker | frame from camera 05ed7642-ff08-461f-b28f-2db08148c611 -> 1 detected, 0 kept, 0 violation(s), 0 sighting(s), 0 incident(s)
05:24:05 INFO    app.workers.frame_worker | frame from camera 05ed7642-ff08-461f-b28f-2db08148c611 -> 0 detected, 0 kept, 0 violation(s), 0 sighting(s), 0 incident(s)
05:24:07 INFO    pipeline.helmet | [check_helmet] status='no_helmet' confidence=0.484 rider_bbox=[516.7, 1016.6, 669.3, 1262.8]
05:24:07 INFO    app.services.ingest | incident 1d33ae9c-3e4d-499f-8000-0a699b7cc392: no_helmet at camera 05ed7642-ff08-461f-b28f-2db08148c611, plate=UNREADABLE (fingerprint mode)
05:24:07 INFO    app.services.ingest | incident 1d33ae9c-3e4d-499f-8000-0a699b7cc392: 1 candidates, best 0.845
05:24:07 INFO    app.workers.frame_worker | frame from camera 05ed7642-ff08-461f-b28f-2db08148c611 -> 1 detected, 1 kept, 1 violation(s), 1 sighting(s), 1 incident(s)
05:24:08 INFO    app.workers.frame_worker | frame from camera 05ed7642-ff08-461f-b28f-2db08148c611 -> 0 detected, 0 kept, 0 violation(s), 0 sighting(s), 0 incident(s)
05:24:09 INFO    app.workers.frame_worker | frame from camera 05ed7642-ff08-461f-b28f-2db08148c611 -> 0 detected, 0 kept, 0 violation(s), 0 sighting(s), 0 incident(s)
05:24:10 INFO    app.workers.frame_worker | frame from camera 05ed7642-ff08-461f-b28f-2db08148c611 -> 0 detected, 0 kept, 0 violation(s), 0 sighting(s), 0 incident(s)
05:24:11 INFO    app.services.ingest | no detections - saved a sample frame to logs/frames/122508_05ed7642_79840b.jpg (79840 bytes)
05:24:11 INFO    app.workers.frame_worker | frame from camera 05ed7642-ff08-461f-b28f-2db08148c611 -> 0 detected, 0 kept, 0 violation(s), 0 sighting(s), 0 incident(s)
05:24:12 INFO    pipeline.helmet | [check_helmet] status='helmet' confidence=0.278 rider_bbox=[536.5, 965.5, 627.4, 1115.3]
05:24:12 INFO    pipeline.helmet | [check_helmet] status='helmet' confidence=0.278 rider_bbox=[536.5, 965.5, 627.4, 1115.3]
05:24:13 INFO    app.workers.frame_worker | frame from camera 05ed7642-ff08-461f-b28f-2db08148c611 -> 2 detected, 2 kept, 0 violation(s), 2 sighting(s), 0 incident(s)
05:24:14 INFO    pipeline.helmet | [check_helmet] status='helmet' confidence=0.270 rider_bbox=[395.3, 964.8, 525.8, 1170.8]
05:24:14 INFO    pipeline.helmet | [check_helmet] status='helmet' confidence=0.270 rider_bbox=[492.4, 962.5, 559.7, 1134.8]
05:24:14 INFO    app.services.ingest | dedupe: 1 of 1 detections were repeats of a frame already stored
05:24:14 INFO    app.workers.frame_worker | frame from camera 05ed7642-ff08-461f-b28f-2db08148c611 -> 1 detected, 0 kept, 0 violation(s), 0 sighting(s), 0 incident(s)
05:24:16 INFO    app.services.ingest | 1 of 1 detections were too small to identify (< 96 px tall) - dropped. Heights: 79px. A near miss means the camera only has to move closer; a number far below means the vehicle was never captured.
05:24:16 INFO    app.workers.frame_worker | frame from camera 05ed7642-ff08-461f-b28f-2db08148c611 -> 1 detected, 0 kept, 0 violation(s), 0 sighting(s), 0 incident(s)
05:24:18 INFO    pipeline.helmet | [check_helmet] status='no_helmet' confidence=0.531 rider_bbox=[180.9, 926.6, 275.3, 1127.8]
05:24:18 INFO    app.services.ingest | 1 of 2 detections were too small to identify (< 96 px tall) - dropped. Heights: 76px. A near miss means the camera only has to move closer; a number far below means the vehicle was never captured.
05:24:18 INFO    app.services.ingest | dedupe: 1 of 2 detections were repeats of a frame already stored
05:24:18 INFO    app.services.ingest | no_helmet at camera 05ed7642-ff08-461f-b28f-2db08148c611 already open as incident 1d33ae9c-3e4d-499f-8000-0a699b7cc392 (11.2s ago) - not opening a second
05:24:18 INFO    app.workers.frame_worker | frame from camera 05ed7642-ff08-461f-b28f-2db08148c611 -> 2 detected, 1 kept, 1 violation(s), 1 sighting(s), 0 incident(s)
05:24:19 INFO    pipeline.helmet | [check_helmet] status='helmet' confidence=0.508 rider_bbox=[817.5, 923.8, 945.6, 1131.2]
05:24:19 INFO    pipeline.helmet | [check_helmet] status='unknown' confidence=0.000 rider_bbox=[429.7, 918.3, 504.9, 1069.7]
05:24:19 INFO    pipeline.helmet | [check_helmet] status='unknown' confidence=0.000 rider_bbox=[429.7, 918.3, 504.9, 1069.7]
05:24:19 INFO    app.services.ingest | 1 of 3 detections were too small to identify (< 96 px tall) - dropped. Heights: 91px. A near miss means the camera only has to move closer; a number far below means the vehicle was never captured.
05:24:19 INFO    app.services.ingest | dedupe: 3 of 3 detections were repeats of a frame already stored
05:24:19 INFO    app.workers.frame_worker | frame from camera 05ed7642-ff08-461f-b28f-2db08148c611 -> 3 detected, 0 kept, 0 violation(s), 0 sighting(s), 0 incident(s)
05:24:20 INFO    pipeline.helmet | [check_helmet] status='no_helmet' confidence=0.412 rider_bbox=[695.7, 897.5, 863.8, 1179.9]
05:24:20 INFO    app.services.ingest | dedupe: 1 of 1 detections were repeats of a frame already stored
05:24:20 INFO    app.workers.frame_worker | frame from camera 05ed7642-ff08-461f-b28f-2db08148c611 -> 1 detected, 0 kept, 0 violation(s), 0 sighting(s), 0 incident(s)
05:24:21 INFO    pipeline.helmet | [check_helmet] status='no_helmet' confidence=0.724 rider_bbox=[559.1, 868.6, 797.3, 1281.5]
05:24:21 INFO    app.services.ingest | dedupe: 1 of 1 detections were repeats of a frame already stored
05:24:21 INFO    app.workers.frame_worker | frame from camera 05ed7642-ff08-461f-b28f-2db08148c611 -> 1 detected, 0 kept, 0 violation(s), 0 sighting(s), 0 incident(s)
05:24:22 INFO    pipeline.helmet | [check_helmet] status='no_helmet' confidence=0.830 rider_bbox=[22.0, 763.6, 470.3, 1565.4]
05:24:23 INFO    app.services.ingest | dedupe: 1 of 1 detections were repeats of a frame already stored
05:24:23 INFO    app.workers.frame_worker | frame from camera 05ed7642-ff08-461f-b28f-2db08148c611 -> 1 detected, 0 kept, 0 violation(s), 0 sighting(s), 0 incident(s)
05:24:33 INFO    app.services.ingest | no detections - saved a sample frame to logs/frames/122531_57da2ffe_41899b.jpg (41899 bytes)
05:24:33 INFO    app.workers.frame_worker | frame from camera 57da2ffe-db48-4628-85da-481cbba62525 -> 0 detected, 0 kept, 0 violation(s), 0 sighting(s), 0 incident(s)
05:24:34 INFO    pipeline.helmet | [check_helmet] status='no_helmet' confidence=0.452 rider_bbox=[611.2, 739.6, 703.4, 910.6]
05:24:35 INFO    pipeline.alpr | [read_plate] text='2C591' confidence=0.626 threshold=0.5 box=133x144px ACCEPTED
05:24:35 INFO    app.services.ingest | incident b9937f38-d348-464b-a391-cc7e09b57155: no_helmet at camera 57da2ffe-db48-4628-85da-481cbba62525, plate=2C591
05:24:35 INFO    app.services.ingest | incident b9937f38-d348-464b-a391-cc7e09b57155: plate 2C591 read - handed to ANPR, fingerprint matching skipped
05:24:35 INFO    app.workers.frame_worker | frame from camera 57da2ffe-db48-4628-85da-481cbba62525 -> 1 detected, 1 kept, 1 violation(s), 1 sighting(s), 1 incident(s)
05:24:35 INFO    app.workers.frame_worker | frame from camera 57da2ffe-db48-4628-85da-481cbba62525 -> 0 detected, 0 kept, 0 violation(s), 0 sighting(s), 0 incident(s)
05:24:37 INFO    pipeline.helmet | [check_helmet] status='no_helmet' confidence=0.399 rider_bbox=[561.3, 601.3, 737.3, 928.4]
05:24:37 INFO    app.services.ingest | dedupe: 1 of 1 detections were repeats of a frame already stored
05:24:37 INFO    app.workers.frame_worker | frame from camera 57da2ffe-db48-4628-85da-481cbba62525 -> 1 detected, 0 kept, 0 violation(s), 0 sighting(s), 0 incident(s)
05:24:38 INFO    app.workers.frame_worker | frame from camera 57da2ffe-db48-4628-85da-481cbba62525 -> 0 detected, 0 kept, 0 violation(s), 0 sighting(s), 0 incident(s)
05:24:39 INFO    app.workers.frame_worker | frame from camera 57da2ffe-db48-4628-85da-481cbba62525 -> 0 detected, 0 kept, 0 violation(s), 0 sighting(s), 0 incident(s)
05:24:40 INFO    app.workers.frame_worker | frame from camera 57da2ffe-db48-4628-85da-481cbba62525 -> 0 detected, 0 kept, 0 violation(s), 0 sighting(s), 0 incident(s)
05:24:59 INFO    app.services.ingest | no detections - saved a sample frame to logs/frames/122556_55858868_91871b.jpg (91871 bytes)
05:24:59 INFO    app.workers.frame_worker | frame from camera 55858868-8e25-47b8-8b66-bd30660db156 -> 0 detected, 0 kept, 0 violation(s), 0 sighting(s), 0 incident(s)
05:25:00 INFO    app.workers.frame_worker | frame from camera 55858868-8e25-47b8-8b66-bd30660db156 -> 0 detected, 0 kept, 0 violation(s), 0 sighting(s), 0 incident(s)
05:25:02 INFO    app.workers.frame_worker | frame from camera 55858868-8e25-47b8-8b66-bd30660db156 -> 0 detected, 0 kept, 0 violation(s), 0 sighting(s), 0 incident(s)
05:25:03 INFO    app.workers.frame_worker | frame from camera 55858868-8e25-47b8-8b66-bd30660db156 -> 0 detected, 0 kept, 0 violation(s), 0 sighting(s), 0 incident(s)
05:25:04 INFO    pipeline.helmet | [check_helmet] status='no_helmet' confidence=0.338 rider_bbox=[477.0, 675.9, 596.6, 918.5]
05:25:05 INFO    app.services.ingest | incident 73fb5add-76ab-4443-87b5-1ca5b36bf31c: no_helmet at camera 55858868-8e25-47b8-8b66-bd30660db156, plate=UNREADABLE (fingerprint mode)
05:25:05 INFO    app.services.matching | burst dedupe: 8 sightings -> 7 passes
05:25:05 INFO    app.services.ingest | incident 73fb5add-76ab-4443-87b5-1ca5b36bf31c: 7 candidates, best 0.893
05:25:05 INFO    app.workers.frame_worker | frame from camera 55858868-8e25-47b8-8b66-bd30660db156 -> 1 detected, 1 kept, 1 violation(s), 1 sighting(s), 1 incident(s)
05:25:06 INFO    app.workers.frame_worker | frame from camera 55858868-8e25-47b8-8b66-bd30660db156 -> 0 detected, 0 kept, 0 violation(s), 0 sighting(s), 0 incident(s)
05:25:07 INFO    app.workers.frame_worker | frame from camera 55858868-8e25-47b8-8b66-bd30660db156 -> 0 detected, 0 kept, 0 violation(s), 0 sighting(s), 0 incident(s)
05:25:08 INFO    app.workers.frame_worker | frame from camera 55858868-8e25-47b8-8b66-bd30660db156 -> 0 detected, 0 kept, 0 violation(s), 0 sighting(s), 0 incident(s)
05:25:10 INFO    pipeline.helmet | [check_helmet] status='no_helmet' confidence=0.516 rider_bbox=[465.3, 995.5, 555.6, 1159.2]
05:25:10 INFO    app.services.ingest | no_helmet at camera 55858868-8e25-47b8-8b66-bd30660db156 already open as incident 73fb5add-76ab-4443-87b5-1ca5b36bf31c (5.5s ago) - not opening a second
05:25:10 INFO    app.workers.frame_worker | frame from camera 55858868-8e25-47b8-8b66-bd30660db156 -> 1 detected, 1 kept, 1 violation(s), 1 sighting(s), 0 incident(s)
05:25:11 INFO    pipeline.helmet | [check_helmet] status='unknown' confidence=0.000 rider_bbox=[397.2, 926.6, 535.8, 1153.2] (no boxes at all)
05:25:11 INFO    app.services.ingest | dedupe: 1 of 1 detections were repeats of a frame already stored
05:25:11 INFO    app.workers.frame_worker | frame from camera 55858868-8e25-47b8-8b66-bd30660db156 -> 1 detected, 0 kept, 0 violation(s), 0 sighting(s), 0 incident(s)
05:25:12 INFO    app.workers.frame_worker | frame from camera 55858868-8e25-47b8-8b66-bd30660db156 -> 0 detected, 0 kept, 0 violation(s), 0 sighting(s), 0 incident(s)
05:25:14 INFO    app.workers.frame_worker | frame from camera 55858868-8e25-47b8-8b66-bd30660db156 -> 0 detected, 0 kept, 0 violation(s), 0 sighting(s), 0 incident(s)
05:25:15 INFO    app.services.ingest | no detections - saved a sample frame to logs/frames/122612_55858868_99992b.jpg (99992 bytes)
05:25:15 INFO    app.workers.frame_worker | frame from camera 55858868-8e25-47b8-8b66-bd30660db156 -> 0 detected, 0 kept, 0 violation(s), 0 sighting(s), 0 incident(s)
05:25:16 INFO    app.services.ingest | 1 of 1 detections were too small to identify (< 96 px tall) - dropped. Heights: 70px. A near miss means the camera only has to move closer; a number far below means the vehicle was never captured.
05:25:16 INFO    app.workers.frame_worker | frame from camera 55858868-8e25-47b8-8b66-bd30660db156 -> 1 detected, 0 kept, 0 violation(s), 0 sighting(s), 0 incident(s)
05:25:18 INFO    app.workers.frame_worker | frame from camera 55858868-8e25-47b8-8b66-bd30660db156 -> 1 detected, 1 kept, 0 violation(s), 1 sighting(s), 0 incident(s)
05:25:19 INFO    app.workers.frame_worker | frame from camera 55858868-8e25-47b8-8b66-bd30660db156 -> 0 detected, 0 kept, 0 violation(s), 0 sighting(s), 0 incident(s)
05:25:20 INFO    app.workers.frame_worker | frame from camera 55858868-8e25-47b8-8b66-bd30660db156 -> 0 detected, 0 kept, 0 violation(s), 0 sighting(s), 0 incident(s)
05:25:21 INFO    app.workers.frame_worker | frame from camera 55858868-8e25-47b8-8b66-bd30660db156 -> 0 detected, 0 kept, 0 violation(s), 0 sighting(s), 0 incident(s)
05:25:23 INFO    app.workers.frame_worker | frame from camera 55858868-8e25-47b8-8b66-bd30660db156 -> 0 detected, 0 kept, 0 violation(s), 0 sighting(s), 0 incident(s)
05:25:25 INFO    app.workers.frame_worker | frame from camera 55858868-8e25-47b8-8b66-bd30660db156 -> 0 detected, 0 kept, 0 violation(s), 0 sighting(s), 0 incident(s)
05:25:26 INFO    app.workers.frame_worker | frame from camera 55858868-8e25-47b8-8b66-bd30660db156 -> 0 detected, 0 kept, 0 violation(s), 0 sighting(s), 0 incident(s)
05:25:28 INFO    app.workers.frame_worker | frame from camera 55858868-8e25-47b8-8b66-bd30660db156 -> 0 detected, 0 kept, 0 violation(s), 0 sighting(s), 0 incident(s)
05:25:29 INFO    app.workers.frame_worker | frame from camera 55858868-8e25-47b8-8b66-bd30660db156 -> 0 detected, 0 kept, 0 violation(s), 0 sighting(s), 0 incident(s)
05:25:30 INFO    app.services.ingest | no detections - saved a sample frame to logs/frames/122627_55858868_106190b.jpg (106190 bytes)
05:25:30 INFO    app.workers.frame_worker | frame from camera 55858868-8e25-47b8-8b66-bd30660db156 -> 0 detected, 0 kept, 0 violation(s), 0 sighting(s), 0 incident(s)
05:25:31 INFO    pipeline.helmet | [check_helmet] status='no_helmet' confidence=0.347 rider_bbox=[158.0, 930.9, 347.3, 1224.7]
05:25:32 INFO    app.services.ingest | no_helmet at camera 55858868-8e25-47b8-8b66-bd30660db156 already open as incident 73fb5add-76ab-4443-87b5-1ca5b36bf31c (27.1s ago) - not opening a second
05:25:32 INFO    app.workers.frame_worker | frame from camera 55858868-8e25-47b8-8b66-bd30660db156 -> 1 detected, 1 kept, 1 violation(s), 1 sighting(s), 0 incident(s)
05:25:34 INFO    app.services.ingest | 1 of 1 detections were too small to identify (< 96 px tall) - dropped. Heights: 58px. A near miss means the camera only has to move closer; a number far below means the vehicle was never captured.
05:25:34 INFO    app.workers.frame_worker | frame from camera 55858868-8e25-47b8-8b66-bd30660db156 -> 1 detected, 0 kept, 0 violation(s), 0 sighting(s), 0 incident(s)
05:25:35 INFO    pipeline.helmet | [check_helmet] status='unknown' confidence=0.000 rider_bbox=[142.8, 896.4, 240.6, 1091.0] (no boxes at all)
05:25:35 INFO    app.services.ingest | dedupe: 1 of 1 detections were repeats of a frame already stored
05:25:35 INFO    app.workers.frame_worker | frame from camera 55858868-8e25-47b8-8b66-bd30660db156 -> 1 detected, 0 kept, 0 violation(s), 0 sighting(s), 0 incident(s)
05:25:37 INFO    pipeline.helmet | [check_helmet] status='no_helmet' confidence=0.343 rider_bbox=[799.2, 877.4, 936.6, 1097.1]
05:25:37 INFO    app.services.ingest | incident 866630d9-01af-431a-a10c-061e907407aa: no_helmet at camera 55858868-8e25-47b8-8b66-bd30660db156, plate=UNREADABLE (fingerprint mode)
05:25:37 INFO    app.services.matching | burst dedupe: 9 sightings -> 8 passes
05:25:37 INFO    app.services.ingest | incident 866630d9-01af-431a-a10c-061e907407aa: 8 candidates, best 0.888
05:25:37 INFO    app.workers.frame_worker | frame from camera 55858868-8e25-47b8-8b66-bd30660db156 -> 1 detected, 1 kept, 1 violation(s), 1 sighting(s), 1 incident(s)
05:25:38 INFO    pipeline.helmet | [check_helmet] status='no_helmet' confidence=0.356 rider_bbox=[632.5, 859.8, 810.1, 1163.3]
05:25:38 INFO    app.services.ingest | dedupe: 1 of 1 detections were repeats of a frame already stored
05:25:38 INFO    app.workers.frame_worker | frame from camera 55858868-8e25-47b8-8b66-bd30660db156 -> 1 detected, 0 kept, 0 violation(s), 0 sighting(s), 0 incident(s)
05:25:39 INFO    pipeline.helmet | [check_helmet] status='no_helmet' confidence=0.756 rider_bbox=[333.9, 819.1, 664.8, 1348.1]
05:25:39 INFO    app.services.ingest | dedupe: 1 of 1 detections were repeats of a frame already stored
05:25:39 INFO    app.workers.frame_worker | frame from camera 55858868-8e25-47b8-8b66-bd30660db156 -> 1 detected, 0 kept, 0 violation(s), 0 sighting(s), 0 incident(s)
05:25:40 INFO    app.workers.frame_worker | frame from camera 55858868-8e25-47b8-8b66-bd30660db156 -> 0 detected, 0 kept, 0 violation(s), 0 sighting(s), 0 incident(s)
05:26:59 INFO    app.services.ingest | no detections - saved a sample frame to logs/frames/122757_57da2ffe_51684b.jpg (51684 bytes)
05:26:59 INFO    app.workers.frame_worker | frame from camera 57da2ffe-db48-4628-85da-481cbba62525 -> 0 detected, 0 kept, 0 violation(s), 0 sighting(s), 0 incident(s)
05:27:00 INFO    app.workers.frame_worker | frame from camera 57da2ffe-db48-4628-85da-481cbba62525 -> 0 detected, 0 kept, 0 violation(s), 0 sighting(s), 0 incident(s)
05:27:01 INFO    app.workers.frame_worker | frame from camera 57da2ffe-db48-4628-85da-481cbba62525 -> 0 detected, 0 kept, 0 violation(s), 0 sighting(s), 0 incident(s)
05:27:02 INFO    app.workers.frame_worker | frame from camera 57da2ffe-db48-4628-85da-481cbba62525 -> 0 detected, 0 kept, 0 violation(s), 0 sighting(s), 0 incident(s)
05:27:04 INFO    app.workers.frame_worker | frame from camera 57da2ffe-db48-4628-85da-481cbba62525 -> 0 detected, 0 kept, 0 violation(s), 0 sighting(s), 0 incident(s)
05:27:05 INFO    app.workers.frame_worker | frame from camera 57da2ffe-db48-4628-85da-481cbba62525 -> 0 detected, 0 kept, 0 violation(s), 0 sighting(s), 0 incident(s)
05:27:06 INFO    pipeline.helmet | [check_helmet] status='unknown' confidence=0.000 rider_bbox=[394.9, 727.7, 484.2, 924.5] (no boxes at all)
05:27:06 INFO    app.workers.frame_worker | frame from camera 57da2ffe-db48-4628-85da-481cbba62525 -> 1 detected, 1 kept, 0 violation(s), 1 sighting(s), 0 incident(s)
05:27:07 INFO    app.workers.frame_worker | frame from camera 57da2ffe-db48-4628-85da-481cbba62525 -> 0 detected, 0 kept, 0 violation(s), 0 sighting(s), 0 incident(s)
05:27:08 INFO    app.workers.frame_worker | frame from camera 57da2ffe-db48-4628-85da-481cbba62525 -> 0 detected, 0 kept, 0 violation(s), 0 sighting(s), 0 incident(s)
05:27:09 INFO    app.workers.frame_worker | frame from camera 57da2ffe-db48-4628-85da-481cbba62525 -> 0 detected, 0 kept, 0 violation(s), 0 sighting(s), 0 incident(s)
05:27:11 INFO    app.services.ingest | 1 of 1 detections were too small to identify (< 96 px tall) - dropped. Heights: 73px. A near miss means the camera only has to move closer; a number far below means the vehicle was never captured.
05:27:11 INFO    app.workers.frame_worker | frame from camera 57da2ffe-db48-4628-85da-481cbba62525 -> 1 detected, 0 kept, 0 violation(s), 0 sighting(s), 0 incident(s)
05:27:12 INFO    pipeline.helmet | [check_helmet] status='unknown' confidence=0.000 rider_bbox=[491.0, 1006.7, 568.0, 1126.6] (no boxes at all)
05:27:12 INFO    app.workers.frame_worker | frame from camera 57da2ffe-db48-4628-85da-481cbba62525 -> 1 detected, 1 kept, 0 violation(s), 1 sighting(s), 0 incident(s)
05:27:13 INFO    pipeline.helmet | [check_helmet] status='no_helmet' confidence=0.452 rider_bbox=[303.9, 968.1, 438.3, 1187.8]
05:27:13 INFO    app.services.ingest | dedupe: 1 of 1 detections were repeats of a frame already stored
05:27:13 INFO    app.workers.frame_worker | frame from camera 57da2ffe-db48-4628-85da-481cbba62525 -> 1 detected, 0 kept, 0 violation(s), 0 sighting(s), 0 incident(s)
05:27:14 INFO    app.services.ingest | no detections - saved a sample frame to logs/frames/122812_57da2ffe_57671b.jpg (57671 bytes)
05:27:14 INFO    app.workers.frame_worker | frame from camera 57da2ffe-db48-4628-85da-481cbba62525 -> 0 detected, 0 kept, 0 violation(s), 0 sighting(s), 0 incident(s)
05:27:15 INFO    app.workers.frame_worker | frame from camera 57da2ffe-db48-4628-85da-481cbba62525 -> 0 detected, 0 kept, 0 violation(s), 0 sighting(s), 0 incident(s)
05:27:16 INFO    app.workers.frame_worker | frame from camera 57da2ffe-db48-4628-85da-481cbba62525 -> 0 detected, 0 kept, 0 violation(s), 0 sighting(s), 0 incident(s)
05:27:18 INFO    app.workers.frame_worker | frame from camera 57da2ffe-db48-4628-85da-481cbba62525 -> 0 detected, 0 kept, 0 violation(s), 0 sighting(s), 0 incident(s)
05:27:19 INFO    app.services.ingest | 1 of 1 detections were too small to identify (< 96 px tall) - dropped. Heights: 77px. A near miss means the camera only has to move closer; a number far below means the vehicle was never captured.
05:27:19 INFO    app.workers.frame_worker | frame from camera 57da2ffe-db48-4628-85da-481cbba62525 -> 1 detected, 0 kept, 0 violation(s), 0 sighting(s), 0 incident(s)
05:27:21 INFO    app.workers.frame_worker | frame from camera 57da2ffe-db48-4628-85da-481cbba62525 -> 0 detected, 0 kept, 0 violation(s), 0 sighting(s), 0 incident(s)
05:27:24 INFO    app.services.ingest | 1 of 1 detections were too small to identify (< 96 px tall) - dropped. Heights: 72px. A near miss means the camera only has to move closer; a number far below means the vehicle was never captured.
05:27:24 INFO    app.workers.frame_worker | frame from camera 57da2ffe-db48-4628-85da-481cbba62525 -> 1 detected, 0 kept, 0 violation(s), 0 sighting(s), 0 incident(s)
05:27:26 INFO    pipeline.helmet | [check_helmet] status='no_helmet' confidence=0.374 rider_bbox=[63.1, 989.8, 142.8, 1134.1]
05:27:27 INFO    app.services.ingest | incident f1098bd3-7fb0-415e-bea5-6c5a1d7a0972: no_helmet at camera 57da2ffe-db48-4628-85da-481cbba62525, plate=UNREADABLE (fingerprint mode)
05:27:27 INFO    app.services.matching | burst dedupe: 14 sightings -> 13 passes
05:27:27 INFO    app.services.ingest | incident f1098bd3-7fb0-415e-bea5-6c5a1d7a0972: 13 candidates, best 0.871
05:27:27 INFO    app.workers.frame_worker | frame from camera 57da2ffe-db48-4628-85da-481cbba62525 -> 1 detected, 1 kept, 1 violation(s), 1 sighting(s), 1 incident(s)
05:27:27 INFO    app.workers.frame_worker | frame from camera 57da2ffe-db48-4628-85da-481cbba62525 -> 0 detected, 0 kept, 0 violation(s), 0 sighting(s), 0 incident(s)
05:27:28 INFO    app.workers.frame_worker | frame from camera 57da2ffe-db48-4628-85da-481cbba62525 -> 0 detected, 0 kept, 0 violation(s), 0 sighting(s), 0 incident(s)
05:27:30 INFO    app.services.ingest | 1 of 1 detections were too small to identify (< 96 px tall) - dropped. Heights: 91px. A near miss means the camera only has to move closer; a number far below means the vehicle was never captured.
05:27:30 INFO    app.workers.frame_worker | frame from camera 57da2ffe-db48-4628-85da-481cbba62525 -> 1 detected, 0 kept, 0 violation(s), 0 sighting(s), 0 incident(s)
05:27:31 INFO    app.services.ingest | no detections - saved a sample frame to logs/frames/122829_57da2ffe_66541b.jpg (66541 bytes)
05:27:31 INFO    app.workers.frame_worker | frame from camera 57da2ffe-db48-4628-85da-481cbba62525 -> 0 detected, 0 kept, 0 violation(s), 0 sighting(s), 0 incident(s)
05:27:33 INFO    app.workers.frame_worker | frame from camera 57da2ffe-db48-4628-85da-481cbba62525 -> 0 detected, 0 kept, 0 violation(s), 0 sighting(s), 0 incident(s)
05:27:34 INFO    app.workers.frame_worker | frame from camera 57da2ffe-db48-4628-85da-481cbba62525 -> 0 detected, 0 kept, 0 violation(s), 0 sighting(s), 0 incident(s)
05:27:35 INFO    pipeline.helmet | [check_helmet] status='unknown' confidence=0.000 rider_bbox=[432.1, 1009.7, 495.1, 1135.5]
05:27:36 INFO    app.services.ingest | 2 of 2 detections were too small to identify (< 96 px tall) - dropped. Heights: 79px, 49px. A near miss means the camera only has to move closer; a number far below means the vehicle was never captured.
05:27:36 INFO    app.workers.frame_worker | frame from camera 57da2ffe-db48-4628-85da-481cbba62525 -> 2 detected, 0 kept, 0 violation(s), 0 sighting(s), 0 incident(s)
05:27:37 INFO    pipeline.helmet | [check_helmet] status='unknown' confidence=0.000 rider_bbox=[218.5, 993.2, 301.4, 1158.2]
05:27:37 INFO    app.workers.frame_worker | frame from camera 57da2ffe-db48-4628-85da-481cbba62525 -> 1 detected, 1 kept, 0 violation(s), 1 sighting(s), 0 incident(s)
05:27:38 INFO    pipeline.helmet | [check_helmet] status='no_helmet' confidence=0.340 rider_bbox=[726.9, 987.9, 828.1, 1168.0]
05:27:38 INFO    app.services.ingest | dedupe: 1 of 1 detections were repeats of a frame already stored
05:27:38 INFO    app.workers.frame_worker | frame from camera 57da2ffe-db48-4628-85da-481cbba62525 -> 1 detected, 0 kept, 0 violation(s), 0 sighting(s), 0 incident(s)
05:27:39 INFO    pipeline.helmet | [check_helmet] status='no_helmet' confidence=0.385 rider_bbox=[616.3, 972.9, 748.4, 1189.9]
05:27:39 INFO    app.services.ingest | dedupe: 1 of 1 detections were repeats of a frame already stored
05:27:39 INFO    app.workers.frame_worker | frame from camera 57da2ffe-db48-4628-85da-481cbba62525 -> 1 detected, 0 kept, 0 violation(s), 0 sighting(s), 0 incident(s)
05:27:41 INFO    pipeline.helmet | [check_helmet] status='no_helmet' confidence=0.796 rider_bbox=[9.6, 908.4, 332.0, 1447.5]
05:27:41 INFO    app.services.ingest | dedupe: 1 of 1 detections were repeats of a frame already stored
05:27:41 INFO    app.workers.frame_worker | frame from camera 57da2ffe-db48-4628-85da-481cbba62525 -> 1 detected, 0 kept, 0 violation(s), 0 sighting(s), 0 incident(s)
05:27:42 INFO    app.workers.frame_worker | frame from camera 57da2ffe-db48-4628-85da-481cbba62525 -> 0 detected, 0 kept, 0 violation(s), 0 sighting(s), 0 incident(s)
05:28:08 INFO    app.core.events | ws client disconnected (8 left)
05:28:08 INFO    app.core.events | ws client connected (9 total)
05:28:09 INFO    app.core.events | ws client disconnected (8 left)
05:28:09 INFO    app.services.matching | burst dedupe: 14 sightings -> 13 passes
05:28:32 INFO    app.core.events | ws client connected (9 total)
05:28:36 INFO    app.core.events | ws client disconnected (8 left)
05:28:36 INFO    app.services.matching | burst dedupe: 14 sightings -> 13 passes
05:28:37 INFO    app.services.matches | case 1d33ae9c-3e4d-499f-8000-0a699b7cc392 folded into f1098bd3-7fb0-415e-bea5-6c5a1d7a0972 - the officer confirmed they are one vehicle
05:28:37 INFO    app.api.routes.matches | match c88eb87b-2951-42ce-bc8b-d9a7f6849e11 confirmed
05:28:37 INFO    app.services.matching | burst dedupe: 14 sightings -> 13 passes
05:28:41 INFO    app.api.routes.matches | match 02a7d600-db81-4af0-9ae2-dda5e79aa76a rejected
05:28:41 INFO    app.services.matching | burst dedupe: 14 sightings -> 13 passes
05:28:42 INFO    app.api.routes.matches | match 860f2686-8060-4e3c-b24b-def3ede2eb95 rejected
05:28:42 INFO    app.services.matching | burst dedupe: 14 sightings -> 13 passes
05:28:56 INFO    app.api.routes.matches | match b9b7de96-fda1-4b23-bc82-b2d3712a6292 rejected
05:28:56 INFO    app.services.matching | burst dedupe: 14 sightings -> 13 passes
05:29:03 INFO    app.api.routes.matches | match 269badb0-a1f8-4626-97b9-6950f6a1068d rejected
05:29:03 INFO    app.services.matching | burst dedupe: 14 sightings -> 13 passes
05:29:05 INFO    app.core.events | ws client connected (9 total)
05:29:07 INFO    app.core.events | ws client disconnected (8 left)
05:29:07 INFO    app.services.matching | burst dedupe: 13 sightings -> 12 passes
05:29:21 INFO    app.api.routes.matches | match c24f862c-301e-464f-b0e1-974581a431f6 rejected
05:29:21 INFO    app.services.matching | burst dedupe: 13 sightings -> 12 passes
05:29:23 INFO    app.api.routes.matches | match ee4ae9b9-58a7-4ad9-87ec-570a31136969 rejected
05:29:23 INFO    app.services.matching | burst dedupe: 13 sightings -> 12 passes
05:29:24 INFO    app.api.routes.matches | match 644ec025-7032-45b7-a7ca-33d90179f05b rejected
05:29:24 INFO    app.services.matching | burst dedupe: 13 sightings -> 12 passes
05:29:26 INFO    app.api.routes.matches | match 8ab90a89-1cb4-426f-a077-faecea05b058 rejected
05:29:26 INFO    app.services.matching | burst dedupe: 13 sightings -> 12 passes
05:29:27 INFO    app.api.routes.matches | match 683e4c94-7393-47a2-aaeb-01083f892170 rejected
05:29:27 INFO    app.services.matching | burst dedupe: 13 sightings -> 12 passes
05:29:29 INFO    app.core.events | ws client connected (9 total)
05:29:30 INFO    app.core.events | ws client disconnected (8 left)
05:29:30 INFO    app.services.matching | burst dedupe: 12 sightings -> 11 passes
05:29:33 INFO    app.api.routes.matches | match bde5ad8c-d367-4889-bbef-26cfd6325464 rejected
05:29:33 INFO    app.services.matching | burst dedupe: 12 sightings -> 11 passes
05:29:34 INFO    app.api.routes.matches | match e77cac82-e4ba-44b4-9917-7a71d0c4dc07 rejected
05:29:34 INFO    app.services.matching | burst dedupe: 12 sightings -> 11 passes
05:29:35 INFO    app.api.routes.matches | match dc3da394-0b9b-4f4a-8bac-692de2b26bf3 rejected
05:29:35 INFO    app.services.matching | burst dedupe: 12 sightings -> 11 passes
05:29:36 INFO    app.api.routes.matches | match 63b95fd4-2af7-449a-b495-246378a749e7 rejected
05:29:36 INFO    app.services.matching | burst dedupe: 12 sightings -> 11 passes
05:29:37 INFO    app.api.routes.matches | match 85fc0aea-ec3f-41d6-bb9e-bf36359a0dbd rejected
05:29:37 INFO    app.services.matching | burst dedupe: 12 sightings -> 11 passes
05:29:39 INFO    app.core.events | ws client connected (9 total)
05:29:40 INFO    app.core.events | ws client disconnected (8 left)
05:29:42 INFO    app.core.events | ws client connected (9 total)
05:29:43 INFO    app.core.events | ws client disconnected (8 left)
05:29:43 INFO    app.services.matching | burst dedupe: 13 sightings -> 12 passes
05:29:45 INFO    app.api.routes.matches | match 32f3f786-46f5-463e-b389-2c4e6ceea1b1 rejected
05:29:45 INFO    app.services.matching | burst dedupe: 13 sightings -> 12 passes
05:29:46 INFO    app.services.matches | case b9937f38-d348-464b-a391-cc7e09b57155 folded into 1d54eaa5-1e7e-41ac-842b-07f48f2dc7ce - the officer confirmed they are one vehicle
05:29:46 INFO    app.api.routes.matches | match e4c2fbee-47ba-4443-aa89-1b07d80d0812 confirmed
05:29:46 INFO    app.services.matching | burst dedupe: 13 sightings -> 12 passes
05:29:47 INFO    app.services.matches | case 2720ceb7-a122-45fd-bb01-59e6d3441a7b folded into 1d54eaa5-1e7e-41ac-842b-07f48f2dc7ce - the officer confirmed they are one vehicle
05:29:47 INFO    app.api.routes.matches | match ab77ad13-3835-4907-ba66-0a68fbd43154 confirmed
05:29:47 INFO    app.services.matching | burst dedupe: 13 sightings -> 12 passes
05:29:48 INFO    app.api.routes.matches | match d759ca3e-9678-4b59-a805-66d0f4801adb rejected
05:29:48 INFO    app.services.matching | burst dedupe: 13 sightings -> 12 passes
05:29:50 INFO    app.api.routes.matches | match 756f0f23-115b-46eb-9ff8-0e2af47b4edf rejected
05:29:50 INFO    app.services.matching | burst dedupe: 13 sightings -> 12 passes
05:29:52 INFO    app.core.events | ws client connected (9 total)
05:29:54 INFO    app.core.events | ws client disconnected (8 left)
05:29:54 INFO    app.services.matching | burst dedupe: 12 sightings -> 11 passes
05:29:56 INFO    app.core.events | ws client connected (9 total)
05:29:57 INFO    app.core.events | ws client disconnected (8 left)
05:29:57 INFO    app.core.events | ws client connected (9 total)
05:30:01 INFO    app.core.events | ws client disconnected (8 left)
05:30:01 INFO    app.core.events | ws client connected (9 total)
05:30:07 INFO    app.core.events | ws client disconnected (8 left)
05:30:08 INFO    app.core.events | ws client connected (9 total)
05:30:13 INFO    app.core.events | ws client disconnected (8 left)
05:30:14 INFO    app.core.events | ws client connected (9 total)
05:30:15 INFO    app.core.events | ws client disconnected (8 left)
05:30:15 INFO    app.core.events | ws client connected (9 total)
05:30:16 INFO    app.core.events | ws client disconnected (8 left)
05:30:16 INFO    app.core.events | ws client connected (9 total)
05:30:17 INFO    app.core.events | ws client disconnected (8 left)
05:30:17 INFO    app.core.events | ws client connected (9 total)
05:30:18 INFO    app.core.events | ws client disconnected (8 left)
05:30:18 INFO    app.core.events | ws client connected (9 total)
05:30:18 INFO    app.core.events | ws client disconnected (8 left)
05:30:19 INFO    app.core.events | ws client connected (9 total)
05:30:19 INFO    app.core.events | ws client disconnected (8 left)
05:30:19 INFO    app.core.events | ws client connected (9 total)
05:30:19 INFO    app.core.events | ws client disconnected (8 left)
05:30:19 INFO    app.core.events | ws client connected (9 total)
05:30:20 INFO    app.core.events | ws client disconnected (8 left)
05:30:20 INFO    app.core.events | ws client connected (9 total)
05:30:20 INFO    app.core.events | ws client disconnected (8 left)
05:30:20 INFO    app.core.events | ws client connected (9 total)
05:30:21 INFO    app.core.events | ws client disconnected (8 left)
05:30:21 INFO    app.core.events | ws client connected (9 total)
05:30:21 INFO    app.core.events | ws client disconnected (8 left)
05:30:21 INFO    app.core.events | ws client connected (9 total)
05:32:50 INFO    app.core.events | ws client disconnected (8 left)
05:32:50 INFO    app.core.events | ws client disconnected (7 left)
05:32:51 INFO    app.core.events | ws client disconnected (6 left)
05:32:51 INFO    app.core.events | ws client disconnected (5 left)
05:32:58 INFO    app.core.events | ws client connected (6 total)
05:32:58 INFO    app.core.events | ws client connected (7 total)
05:33:01 INFO    app.core.events | ws client disconnected (6 left)
05:33:01 INFO    app.core.events | ws client disconnected (5 left)
05:35:01 INFO    app.core.events | ws client disconnected (4 left)
05:35:01 INFO    app.core.events | ws client connected (5 total)
05:35:02 INFO    app.core.events | ws client disconnected (4 left)
05:35:02 INFO    app.core.events | ws client connected (5 total)
05:35:03 INFO    app.core.events | ws client disconnected (4 left)
05:35:03 INFO    app.services.matching | burst dedupe: 14 sightings -> 13 passes
05:45:25 INFO    app.core.events | ws client connected (5 total)
05:45:25 INFO    app.core.events | ws client connected (6 total)
05:45:25 INFO    app.core.events | ws client connected (7 total)
05:45:59 WARNING app.api.routes.admin | DEMO RESET: 19 sightings and 19 crops deleted
05:45:59 INFO    app.core.events | ws client disconnected (6 left)
05:45:59 INFO    app.core.events | ws client disconnected (5 left)
05:45:59 INFO    app.core.events | ws client disconnected (4 left)
05:46:00 INFO    app.core.events | ws client connected (5 total)
05:46:00 INFO    app.core.events | ws client connected (6 total)
05:46:00 INFO    app.core.events | ws client connected (7 total)
05:47:40 INFO    app.workers.frame_worker | frame worker started (queue max 8)
05:47:40 WARNING app.api.routes.admin | DEMO RESET: 0 sightings and 0 crops deleted
05:47:40 INFO    app.core.events | ws client connected (1 total)
05:47:40 INFO    app.core.events | ws client connected (2 total)
05:47:41 INFO    app.core.events | ws client connected (3 total)
05:47:42 INFO    app.core.events | ws client connected (4 total)
05:47:42 INFO    app.core.events | ws client connected (5 total)
05:48:15 INFO    app.services.ingest | no detections - saved a sample frame to logs/frames/124911_05ed7642_183263b.jpg (183263 bytes)
05:48:15 INFO    app.workers.frame_worker | frame from camera 05ed7642-ff08-461f-b28f-2db08148c611 -> 0 detected, 0 kept, 0 violation(s), 0 sighting(s), 0 incident(s)
05:48:20 INFO    app.workers.frame_worker | frame from camera 05ed7642-ff08-461f-b28f-2db08148c611 -> 0 detected, 0 kept, 0 violation(s), 0 sighting(s), 0 incident(s)
05:48:22 INFO    app.workers.frame_worker | frame from camera 05ed7642-ff08-461f-b28f-2db08148c611 -> 0 detected, 0 kept, 0 violation(s), 0 sighting(s), 0 incident(s)
05:48:23 INFO    app.workers.frame_worker | frame from camera 05ed7642-ff08-461f-b28f-2db08148c611 -> 0 detected, 0 kept, 0 violation(s), 0 sighting(s), 0 incident(s)
05:48:24 INFO    app.workers.frame_worker | frame from camera 05ed7642-ff08-461f-b28f-2db08148c611 -> 0 detected, 0 kept, 0 violation(s), 0 sighting(s), 0 incident(s)
05:48:25 INFO    pipeline.helmet | [check_helmet] status='helmet' confidence=0.299 rider_bbox=[708.3, 687.2, 833.8, 879.6]
05:48:25 INFO    app.workers.frame_worker | frame from camera 05ed7642-ff08-461f-b28f-2db08148c611 -> 1 detected, 1 kept, 0 violation(s), 1 sighting(s), 0 incident(s)
05:48:26 INFO    pipeline.helmet | [check_helmet] status='no_helmet' confidence=0.582 rider_bbox=[537.1, 683.0, 690.7, 943.6]
05:48:26 INFO    app.services.ingest | dedupe: 1 of 1 detections were repeats of a frame already stored
05:48:26 INFO    app.workers.frame_worker | frame from camera 05ed7642-ff08-461f-b28f-2db08148c611 -> 1 detected, 0 kept, 0 violation(s), 0 sighting(s), 0 incident(s)
05:48:27 INFO    app.workers.frame_worker | frame from camera 05ed7642-ff08-461f-b28f-2db08148c611 -> 0 detected, 0 kept, 0 violation(s), 0 sighting(s), 0 incident(s)
05:48:28 INFO    app.workers.frame_worker | frame from camera 05ed7642-ff08-461f-b28f-2db08148c611 -> 0 detected, 0 kept, 0 violation(s), 0 sighting(s), 0 incident(s)
05:48:38 INFO    app.services.ingest | no detections - saved a sample frame to logs/frames/124935_05ed7642_90062b.jpg (90062 bytes)
05:48:38 INFO    app.workers.frame_worker | frame from camera 05ed7642-ff08-461f-b28f-2db08148c611 -> 0 detected, 0 kept, 0 violation(s), 0 sighting(s), 0 incident(s)
05:48:38 INFO    app.workers.frame_worker | frame from camera 05ed7642-ff08-461f-b28f-2db08148c611 -> 0 detected, 0 kept, 0 violation(s), 0 sighting(s), 0 incident(s)
05:48:40 INFO    app.workers.frame_worker | frame from camera 05ed7642-ff08-461f-b28f-2db08148c611 -> 0 detected, 0 kept, 0 violation(s), 0 sighting(s), 0 incident(s)
05:48:41 INFO    app.workers.frame_worker | frame from camera 05ed7642-ff08-461f-b28f-2db08148c611 -> 0 detected, 0 kept, 0 violation(s), 0 sighting(s), 0 incident(s)
05:48:42 INFO    app.workers.frame_worker | frame from camera 05ed7642-ff08-461f-b28f-2db08148c611 -> 0 detected, 0 kept, 0 violation(s), 0 sighting(s), 0 incident(s)
05:48:43 INFO    app.workers.frame_worker | frame from camera 05ed7642-ff08-461f-b28f-2db08148c611 -> 0 detected, 0 kept, 0 violation(s), 0 sighting(s), 0 incident(s)
05:48:44 INFO    app.workers.frame_worker | frame from camera 05ed7642-ff08-461f-b28f-2db08148c611 -> 0 detected, 0 kept, 0 violation(s), 0 sighting(s), 0 incident(s)
05:48:45 INFO    app.workers.frame_worker | frame from camera 05ed7642-ff08-461f-b28f-2db08148c611 -> 1 detected, 1 kept, 0 violation(s), 1 sighting(s), 0 incident(s)
05:48:46 INFO    app.workers.frame_worker | frame from camera 05ed7642-ff08-461f-b28f-2db08148c611 -> 0 detected, 0 kept, 0 violation(s), 0 sighting(s), 0 incident(s)
05:48:48 INFO    app.workers.frame_worker | frame from camera 05ed7642-ff08-461f-b28f-2db08148c611 -> 0 detected, 0 kept, 0 violation(s), 0 sighting(s), 0 incident(s)
05:48:49 INFO    app.workers.frame_worker | frame from camera 05ed7642-ff08-461f-b28f-2db08148c611 -> 0 detected, 0 kept, 0 violation(s), 0 sighting(s), 0 incident(s)
05:48:50 INFO    app.workers.frame_worker | frame from camera 05ed7642-ff08-461f-b28f-2db08148c611 -> 0 detected, 0 kept, 0 violation(s), 0 sighting(s), 0 incident(s)
05:48:51 INFO    app.workers.frame_worker | frame from camera 05ed7642-ff08-461f-b28f-2db08148c611 -> 0 detected, 0 kept, 0 violation(s), 0 sighting(s), 0 incident(s)
05:48:52 INFO    pipeline.helmet | [check_helmet] status='unknown' confidence=0.000 rider_bbox=[10.6, 944.2, 159.9, 1199.7] (no boxes at all)
05:48:52 INFO    app.workers.frame_worker | frame from camera 05ed7642-ff08-461f-b28f-2db08148c611 -> 1 detected, 1 kept, 0 violation(s), 1 sighting(s), 0 incident(s)
05:48:53 INFO    app.services.ingest | no detections - saved a sample frame to logs/frames/124950_05ed7642_85911b.jpg (85911 bytes)
05:48:53 INFO    app.workers.frame_worker | frame from camera 05ed7642-ff08-461f-b28f-2db08148c611 -> 0 detected, 0 kept, 0 violation(s), 0 sighting(s), 0 incident(s)
05:48:54 INFO    app.workers.frame_worker | frame from camera 05ed7642-ff08-461f-b28f-2db08148c611 -> 0 detected, 0 kept, 0 violation(s), 0 sighting(s), 0 incident(s)
05:48:56 INFO    app.workers.frame_worker | frame from camera 05ed7642-ff08-461f-b28f-2db08148c611 -> 0 detected, 0 kept, 0 violation(s), 0 sighting(s), 0 incident(s)
05:48:57 INFO    app.workers.frame_worker | frame from camera 05ed7642-ff08-461f-b28f-2db08148c611 -> 0 detected, 0 kept, 0 violation(s), 0 sighting(s), 0 incident(s)
05:48:58 INFO    app.services.ingest | 1 of 1 detections were too small to identify (< 96 px tall) - dropped. Heights: 81px. A near miss means the camera only has to move closer; a number far below means the vehicle was never captured.
05:48:58 INFO    app.workers.frame_worker | frame from camera 05ed7642-ff08-461f-b28f-2db08148c611 -> 1 detected, 0 kept, 0 violation(s), 0 sighting(s), 0 incident(s)
05:48:59 INFO    pipeline.helmet | [check_helmet] status='no_helmet' confidence=0.317 rider_bbox=[346.5, 1028.5, 461.5, 1218.3]
05:48:59 INFO    app.services.ingest | incident 9cf77aa9-726b-458f-91d9-595801bdbd93: no_helmet at camera 05ed7642-ff08-461f-b28f-2db08148c611, plate=UNREADABLE (fingerprint mode)
05:49:00 INFO    app.workers.frame_worker | frame from camera 05ed7642-ff08-461f-b28f-2db08148c611 -> 1 detected, 1 kept, 1 violation(s), 1 sighting(s), 1 incident(s)
05:49:00 INFO    app.workers.frame_worker | frame from camera 05ed7642-ff08-461f-b28f-2db08148c611 -> 0 detected, 0 kept, 0 violation(s), 0 sighting(s), 0 incident(s)
05:49:01 INFO    app.services.ingest | 1 of 1 detections were too small to identify (< 96 px tall) - dropped. Heights: 61px. A near miss means the camera only has to move closer; a number far below means the vehicle was never captured.
05:49:01 INFO    app.workers.frame_worker | frame from camera 05ed7642-ff08-461f-b28f-2db08148c611 -> 1 detected, 0 kept, 0 violation(s), 0 sighting(s), 0 incident(s)
05:49:03 INFO    app.core.events | ws client connected (6 total)
05:49:03 INFO    app.services.ingest | 1 of 1 detections were too small to identify (< 96 px tall) - dropped. Heights: 93px. A near miss means the camera only has to move closer; a number far below means the vehicle was never captured.
05:49:03 INFO    app.workers.frame_worker | frame from camera 05ed7642-ff08-461f-b28f-2db08148c611 -> 1 detected, 0 kept, 0 violation(s), 0 sighting(s), 0 incident(s)
05:49:03 INFO    app.core.events | ws client connected (7 total)
05:49:04 INFO    pipeline.helmet | [check_helmet] status='no_helmet' confidence=0.286 rider_bbox=[561.5, 1113.7, 619.0, 1244.2]
05:49:04 INFO    app.services.ingest | dedupe: 1 of 1 detections were repeats of a frame already stored
05:49:04 INFO    app.workers.frame_worker | frame from camera 05ed7642-ff08-461f-b28f-2db08148c611 -> 1 detected, 0 kept, 0 violation(s), 0 sighting(s), 0 incident(s)
05:49:06 INFO    app.workers.frame_worker | frame from camera 05ed7642-ff08-461f-b28f-2db08148c611 -> 0 detected, 0 kept, 0 violation(s), 0 sighting(s), 0 incident(s)
05:49:08 INFO    app.workers.frame_worker | frame from camera 05ed7642-ff08-461f-b28f-2db08148c611 -> 0 detected, 0 kept, 0 violation(s), 0 sighting(s), 0 incident(s)
05:49:09 INFO    app.services.ingest | no detections - saved a sample frame to logs/frames/125006_05ed7642_102704b.jpg (102704 bytes)
05:49:09 INFO    app.workers.frame_worker | frame from camera 05ed7642-ff08-461f-b28f-2db08148c611 -> 0 detected, 0 kept, 0 violation(s), 0 sighting(s), 0 incident(s)
05:49:10 INFO    app.workers.frame_worker | frame from camera 05ed7642-ff08-461f-b28f-2db08148c611 -> 0 detected, 0 kept, 0 violation(s), 0 sighting(s), 0 incident(s)
05:49:11 INFO    pipeline.helmet | [check_helmet] status='no_helmet' confidence=0.313 rider_bbox=[366.7, 970.2, 476.5, 1151.4]
05:49:12 INFO    app.services.ingest | no_helmet at camera 05ed7642-ff08-461f-b28f-2db08148c611 already open as incident 9cf77aa9-726b-458f-91d9-595801bdbd93 (12.4s ago) - not opening a second
05:49:12 INFO    app.workers.frame_worker | frame from camera 05ed7642-ff08-461f-b28f-2db08148c611 -> 1 detected, 1 kept, 1 violation(s), 1 sighting(s), 0 incident(s)
05:49:13 INFO    app.workers.frame_worker | frame from camera 05ed7642-ff08-461f-b28f-2db08148c611 -> 0 detected, 0 kept, 0 violation(s), 0 sighting(s), 0 incident(s)
05:49:14 INFO    app.workers.frame_worker | frame from camera 05ed7642-ff08-461f-b28f-2db08148c611 -> 0 detected, 0 kept, 0 violation(s), 0 sighting(s), 0 incident(s)
05:49:15 INFO    app.workers.frame_worker | frame from camera 05ed7642-ff08-461f-b28f-2db08148c611 -> 0 detected, 0 kept, 0 violation(s), 0 sighting(s), 0 incident(s)
05:49:16 INFO    pipeline.helmet | [check_helmet] status='no_helmet' confidence=0.254 rider_bbox=[874.1, 906.7, 957.9, 1052.0]
05:49:16 INFO    app.services.ingest | dedupe: 2 of 2 detections were repeats of a frame already stored
05:49:16 INFO    app.workers.frame_worker | frame from camera 05ed7642-ff08-461f-b28f-2db08148c611 -> 2 detected, 0 kept, 0 violation(s), 0 sighting(s), 0 incident(s)
05:49:17 INFO    pipeline.helmet | [check_helmet] status='helmet' confidence=0.382 rider_bbox=[819.1, 888.6, 927.5, 1089.1]
05:49:17 INFO    app.workers.frame_worker | frame from camera 05ed7642-ff08-461f-b28f-2db08148c611 -> 1 detected, 1 kept, 0 violation(s), 1 sighting(s), 0 incident(s)
05:49:18 INFO    pipeline.helmet | [check_helmet] status='no_helmet' confidence=0.495 rider_bbox=[683.9, 873.6, 828.8, 1131.0]
05:49:19 INFO    app.services.ingest | dedupe: 1 of 1 detections were repeats of a frame already stored
05:49:19 INFO    app.workers.frame_worker | frame from camera 05ed7642-ff08-461f-b28f-2db08148c611 -> 1 detected, 0 kept, 0 violation(s), 0 sighting(s), 0 incident(s)
05:49:20 INFO    pipeline.helmet | [check_helmet] status='no_helmet' confidence=0.624 rider_bbox=[512.1, 874.2, 742.1, 1262.3]
05:49:20 INFO    app.services.ingest | dedupe: 1 of 1 detections were repeats of a frame already stored
05:49:20 INFO    app.workers.frame_worker | frame from camera 05ed7642-ff08-461f-b28f-2db08148c611 -> 1 detected, 0 kept, 0 violation(s), 0 sighting(s), 0 incident(s)
05:49:21 INFO    app.workers.frame_worker | frame from camera 05ed7642-ff08-461f-b28f-2db08148c611 -> 0 detected, 0 kept, 0 violation(s), 0 sighting(s), 0 incident(s)
05:49:28 INFO    app.core.events | ws client disconnected (6 left)
05:49:29 INFO    app.core.events | ws client connected (7 total)
05:50:46 WARNING app.api.routes.admin | DEMO RESET: 6 sightings and 6 crops deleted
05:50:46 INFO    app.core.events | ws client disconnected (6 left)
05:50:46 INFO    app.core.events | ws client disconnected (5 left)
05:50:46 INFO    app.core.events | ws client disconnected (4 left)
05:50:47 INFO    app.core.events | ws client connected (5 total)
05:50:47 INFO    app.core.events | ws client connected (6 total)
05:50:47 INFO    app.core.events | ws client connected (7 total)
05:50:48 INFO    app.core.events | ws client connected (8 total)
05:50:48 INFO    app.api.routes.cameras | camera claimed: Camera 1 — Shahrah-e-Faisal (05ed7642-ff08-461f-b28f-2db08148c611)
05:50:48 INFO    app.core.events | ws client connected (9 total)
05:50:50 INFO    app.api.routes.cameras | camera Camera 1 — Shahrah-e-Faisal moved to 25.010952, 67.040118 (accuracy None m)
05:50:57 INFO    app.services.ingest | no detections - saved a sample frame to logs/frames/125154_05ed7642_54969b.jpg (54969 bytes)
05:50:57 INFO    app.workers.frame_worker | frame from camera 05ed7642-ff08-461f-b28f-2db08148c611 -> 0 detected, 0 kept, 0 violation(s), 0 sighting(s), 0 incident(s)
05:51:00 INFO    app.workers.frame_worker | frame from camera 05ed7642-ff08-461f-b28f-2db08148c611 -> 0 detected, 0 kept, 0 violation(s), 0 sighting(s), 0 incident(s)
05:51:01 INFO    pipeline.helmet | [check_helmet] status='no_helmet' confidence=0.428 rider_bbox=[563.7, 545.9, 727.8, 805.5]
05:51:01 INFO    app.services.ingest | incident e933dcdd-5046-4667-9d2d-aba8d10ac951: no_helmet at camera 05ed7642-ff08-461f-b28f-2db08148c611, plate=UNREADABLE (fingerprint mode)
05:51:01 INFO    app.workers.frame_worker | frame from camera 05ed7642-ff08-461f-b28f-2db08148c611 -> 1 detected, 1 kept, 1 violation(s), 1 sighting(s), 1 incident(s)
05:51:02 INFO    pipeline.helmet | [check_helmet] status='no_helmet' confidence=0.418 rider_bbox=[507.8, 560.3, 690.2, 905.4]
05:51:02 INFO    app.services.ingest | dedupe: 1 of 1 detections were repeats of a frame already stored
05:51:02 INFO    app.workers.frame_worker | frame from camera 05ed7642-ff08-461f-b28f-2db08148c611 -> 1 detected, 0 kept, 0 violation(s), 0 sighting(s), 0 incident(s)
05:51:03 INFO    pipeline.helmet | [check_helmet] status='no_helmet' confidence=0.686 rider_bbox=[395.3, 561.9, 655.4, 1027.0]
05:51:03 INFO    app.services.ingest | dedupe: 1 of 1 detections were repeats of a frame already stored
05:51:03 INFO    app.workers.frame_worker | frame from camera 05ed7642-ff08-461f-b28f-2db08148c611 -> 1 detected, 0 kept, 0 violation(s), 0 sighting(s), 0 incident(s)
05:51:04 INFO    app.workers.frame_worker | frame from camera 05ed7642-ff08-461f-b28f-2db08148c611 -> 0 detected, 0 kept, 0 violation(s), 0 sighting(s), 0 incident(s)
05:51:05 INFO    app.workers.frame_worker | frame from camera 05ed7642-ff08-461f-b28f-2db08148c611 -> 0 detected, 0 kept, 0 violation(s), 0 sighting(s), 0 incident(s)
05:51:17 INFO    app.services.ingest | no detections - saved a sample frame to logs/frames/125214_05ed7642_79966b.jpg (79966 bytes)
05:51:17 INFO    app.workers.frame_worker | frame from camera 05ed7642-ff08-461f-b28f-2db08148c611 -> 0 detected, 0 kept, 0 violation(s), 0 sighting(s), 0 incident(s)
05:51:18 INFO    app.workers.frame_worker | frame from camera 05ed7642-ff08-461f-b28f-2db08148c611 -> 0 detected, 0 kept, 0 violation(s), 0 sighting(s), 0 incident(s)
05:51:20 INFO    app.workers.frame_worker | frame from camera 05ed7642-ff08-461f-b28f-2db08148c611 -> 0 detected, 0 kept, 0 violation(s), 0 sighting(s), 0 incident(s)
05:51:21 INFO    pipeline.helmet | [check_helmet] status='unknown' confidence=0.000 rider_bbox=[560.6, 680.2, 658.9, 860.9] (no boxes at all)
05:51:21 INFO    app.workers.frame_worker | frame from camera 05ed7642-ff08-461f-b28f-2db08148c611 -> 1 detected, 1 kept, 0 violation(s), 1 sighting(s), 0 incident(s)
05:51:22 INFO    pipeline.helmet | [check_helmet] status='helmet' confidence=0.281 rider_bbox=[453.2, 710.5, 575.9, 936.0]
05:51:22 INFO    app.services.ingest | dedupe: 1 of 1 detections were repeats of a frame already stored
05:51:22 INFO    app.workers.frame_worker | frame from camera 05ed7642-ff08-461f-b28f-2db08148c611 -> 1 detected, 0 kept, 0 violation(s), 0 sighting(s), 0 incident(s)
05:51:23 INFO    app.workers.frame_worker | frame from camera 05ed7642-ff08-461f-b28f-2db08148c611 -> 0 detected, 0 kept, 0 violation(s), 0 sighting(s), 0 incident(s)
05:51:24 INFO    app.workers.frame_worker | frame from camera 05ed7642-ff08-461f-b28f-2db08148c611 -> 0 detected, 0 kept, 0 violation(s), 0 sighting(s), 0 incident(s)
05:51:25 INFO    app.workers.frame_worker | frame from camera 05ed7642-ff08-461f-b28f-2db08148c611 -> 0 detected, 0 kept, 0 violation(s), 0 sighting(s), 0 incident(s)
05:51:27 INFO    app.workers.frame_worker | frame from camera 05ed7642-ff08-461f-b28f-2db08148c611 -> 0 detected, 0 kept, 0 violation(s), 0 sighting(s), 0 incident(s)
05:51:28 INFO    pipeline.helmet | [check_helmet] status='unknown' confidence=0.000 rider_bbox=[472.3, 1020.6, 582.5, 1180.0] (no boxes at all)
05:51:28 INFO    app.workers.frame_worker | frame from camera 05ed7642-ff08-461f-b28f-2db08148c611 -> 1 detected, 1 kept, 0 violation(s), 1 sighting(s), 0 incident(s)
05:51:29 INFO    pipeline.helmet | [check_helmet] status='unknown' confidence=0.000 rider_bbox=[438.3, 995.0, 567.9, 1198.6] (no boxes at all)
05:51:29 INFO    app.services.ingest | dedupe: 1 of 1 detections were repeats of a frame already stored
05:51:29 INFO    app.workers.frame_worker | frame from camera 05ed7642-ff08-461f-b28f-2db08148c611 -> 1 detected, 0 kept, 0 violation(s), 0 sighting(s), 0 incident(s)
05:51:30 INFO    app.workers.frame_worker | frame from camera 05ed7642-ff08-461f-b28f-2db08148c611 -> 0 detected, 0 kept, 0 violation(s), 0 sighting(s), 0 incident(s)
05:51:31 INFO    app.workers.frame_worker | frame from camera 05ed7642-ff08-461f-b28f-2db08148c611 -> 0 detected, 0 kept, 0 violation(s), 0 sighting(s), 0 incident(s)
05:51:32 INFO    app.services.ingest | no detections - saved a sample frame to logs/frames/125229_05ed7642_79318b.jpg (79318 bytes)
05:51:32 INFO    app.workers.frame_worker | frame from camera 05ed7642-ff08-461f-b28f-2db08148c611 -> 0 detected, 0 kept, 0 violation(s), 0 sighting(s), 0 incident(s)
05:51:34 INFO    app.workers.frame_worker | frame from camera 05ed7642-ff08-461f-b28f-2db08148c611 -> 0 detected, 0 kept, 0 violation(s), 0 sighting(s), 0 incident(s)
05:51:35 INFO    app.services.ingest | 1 of 1 detections were too small to identify (< 96 px tall) - dropped. Heights: 80px. A near miss means the camera only has to move closer; a number far below means the vehicle was never captured.
05:51:35 INFO    app.workers.frame_worker | frame from camera 05ed7642-ff08-461f-b28f-2db08148c611 -> 1 detected, 0 kept, 0 violation(s), 0 sighting(s), 0 incident(s)
05:51:36 INFO    pipeline.helmet | [check_helmet] status='unknown' confidence=0.000 rider_bbox=[557.5, 921.2, 650.1, 1086.1] (no boxes at all)
05:51:36 INFO    app.workers.frame_worker | frame from camera 05ed7642-ff08-461f-b28f-2db08148c611 -> 1 detected, 1 kept, 0 violation(s), 1 sighting(s), 0 incident(s)
05:51:37 INFO    app.workers.frame_worker | frame from camera 05ed7642-ff08-461f-b28f-2db08148c611 -> 0 detected, 0 kept, 0 violation(s), 0 sighting(s), 0 incident(s)
05:51:38 INFO    app.workers.frame_worker | frame from camera 05ed7642-ff08-461f-b28f-2db08148c611 -> 0 detected, 0 kept, 0 violation(s), 0 sighting(s), 0 incident(s)
05:51:39 INFO    app.workers.frame_worker | frame from camera 05ed7642-ff08-461f-b28f-2db08148c611 -> 0 detected, 0 kept, 0 violation(s), 0 sighting(s), 0 incident(s)
05:51:41 INFO    pipeline.helmet | [check_helmet] status='unknown' confidence=0.000 rider_bbox=[627.5, 1030.2, 692.4, 1170.4] (no boxes at all)
05:51:41 INFO    app.services.ingest | dedupe: 1 of 1 detections were repeats of a frame already stored
05:51:41 INFO    app.workers.frame_worker | frame from camera 05ed7642-ff08-461f-b28f-2db08148c611 -> 1 detected, 0 kept, 0 violation(s), 0 sighting(s), 0 incident(s)
05:51:42 INFO    app.workers.frame_worker | frame from camera 05ed7642-ff08-461f-b28f-2db08148c611 -> 0 detected, 0 kept, 0 violation(s), 0 sighting(s), 0 incident(s)
05:51:43 INFO    pipeline.helmet | [check_helmet] status='no_helmet' confidence=0.654 rider_bbox=[270.6, 994.1, 498.0, 1330.2]
05:51:43 INFO    app.services.ingest | incident 13b0d80c-3614-4eb1-a06f-0f1fe3b1ca59: no_helmet at camera 05ed7642-ff08-461f-b28f-2db08148c611, plate=UNREADABLE (fingerprint mode)
05:51:43 INFO    app.workers.frame_worker | frame from camera 05ed7642-ff08-461f-b28f-2db08148c611 -> 1 detected, 1 kept, 1 violation(s), 1 sighting(s), 1 incident(s)
05:51:44 INFO    app.workers.frame_worker | frame from camera 05ed7642-ff08-461f-b28f-2db08148c611 -> 0 detected, 0 kept, 0 violation(s), 0 sighting(s), 0 incident(s)
05:51:45 INFO    app.workers.frame_worker | frame from camera 05ed7642-ff08-461f-b28f-2db08148c611 -> 0 detected, 0 kept, 0 violation(s), 0 sighting(s), 0 incident(s)
05:51:46 INFO    app.workers.frame_worker | frame from camera 05ed7642-ff08-461f-b28f-2db08148c611 -> 0 detected, 0 kept, 0 violation(s), 0 sighting(s), 0 incident(s)
05:51:47 INFO    app.services.ingest | no detections - saved a sample frame to logs/frames/125244_05ed7642_132541b.jpg (132541 bytes)
05:51:47 INFO    app.workers.frame_worker | frame from camera 05ed7642-ff08-461f-b28f-2db08148c611 -> 0 detected, 0 kept, 0 violation(s), 0 sighting(s), 0 incident(s)
05:51:49 INFO    pipeline.helmet | [check_helmet] status='no_helmet' confidence=0.302 rider_bbox=[504.9, 928.5, 622.8, 1151.5]
05:51:49 INFO    app.services.ingest | no_helmet at camera 05ed7642-ff08-461f-b28f-2db08148c611 already open as incident 13b0d80c-3614-4eb1-a06f-0f1fe3b1ca59 (5.7s ago) - not opening a second
05:51:49 INFO    app.workers.frame_worker | frame from camera 05ed7642-ff08-461f-b28f-2db08148c611 -> 1 detected, 1 kept, 1 violation(s), 1 sighting(s), 0 incident(s)
05:51:50 INFO    pipeline.helmet | [check_helmet] status='helmet' confidence=0.658 rider_bbox=[402.4, 881.5, 598.6, 1206.6]
05:51:50 INFO    pipeline.helmet | [check_helmet] status='helmet' confidence=0.658 rider_bbox=[549.9, 883.0, 655.7, 1194.0]
05:51:50 INFO    app.services.ingest | dedupe: 1 of 1 detections were repeats of a frame already stored
05:51:50 INFO    app.workers.frame_worker | frame from camera 05ed7642-ff08-461f-b28f-2db08148c611 -> 1 detected, 0 kept, 0 violation(s), 0 sighting(s), 0 incident(s)
05:51:51 INFO    pipeline.helmet | [check_helmet] status='no_helmet' confidence=0.653 rider_bbox=[2.9, 817.8, 196.7, 1196.1]
05:51:51 INFO    app.services.ingest | dedupe: 1 of 1 detections were repeats of a frame already stored
05:51:51 INFO    app.workers.frame_worker | frame from camera 05ed7642-ff08-461f-b28f-2db08148c611 -> 1 detected, 0 kept, 0 violation(s), 0 sighting(s), 0 incident(s)
05:51:52 INFO    pipeline.helmet | [check_helmet] status='unknown' confidence=0.000 rider_bbox=[744.5, 842.3, 828.7, 997.2] (no boxes at all)
05:51:52 INFO    app.services.ingest | dedupe: 1 of 1 detections were repeats of a frame already stored
05:51:52 INFO    app.workers.frame_worker | frame from camera 05ed7642-ff08-461f-b28f-2db08148c611 -> 1 detected, 0 kept, 0 violation(s), 0 sighting(s), 0 incident(s)
05:51:53 INFO    app.workers.frame_worker | frame from camera 05ed7642-ff08-461f-b28f-2db08148c611 -> 0 detected, 0 kept, 0 violation(s), 0 sighting(s), 0 incident(s)
05:51:54 INFO    app.workers.frame_worker | frame from camera 05ed7642-ff08-461f-b28f-2db08148c611 -> 0 detected, 0 kept, 0 violation(s), 0 sighting(s), 0 incident(s)
05:51:56 INFO    pipeline.helmet | [check_helmet] status='helmet' confidence=0.610 rider_bbox=[806.6, 754.0, 959.5, 1071.4]
05:51:56 INFO    app.workers.frame_worker | frame from camera 05ed7642-ff08-461f-b28f-2db08148c611 -> 1 detected, 1 kept, 0 violation(s), 1 sighting(s), 0 incident(s)
05:51:57 INFO    pipeline.helmet | [check_helmet] status='helmet' confidence=0.572 rider_bbox=[613.5, 761.3, 862.8, 1194.4]
05:51:57 INFO    app.services.ingest | dedupe: 1 of 1 detections were repeats of a frame already stored
05:51:57 INFO    app.workers.frame_worker | frame from camera 05ed7642-ff08-461f-b28f-2db08148c611 -> 1 detected, 0 kept, 0 violation(s), 0 sighting(s), 0 incident(s)
05:51:58 INFO    pipeline.helmet | [check_helmet] status='no_helmet' confidence=0.844 rider_bbox=[355.1, 674.8, 833.5, 1381.9]
05:51:58 INFO    app.services.ingest | dedupe: 1 of 1 detections were repeats of a frame already stored
05:51:58 INFO    app.workers.frame_worker | frame from camera 05ed7642-ff08-461f-b28f-2db08148c611 -> 1 detected, 0 kept, 0 violation(s), 0 sighting(s), 0 incident(s)
05:51:59 INFO    app.workers.frame_worker | frame from camera 05ed7642-ff08-461f-b28f-2db08148c611 -> 0 detected, 0 kept, 0 violation(s), 0 sighting(s), 0 incident(s)
05:53:04 INFO    app.services.ingest | no detections - saved a sample frame to logs/frames/125401_55858868_90264b.jpg (90264 bytes)
05:53:04 INFO    app.workers.frame_worker | frame from camera 55858868-8e25-47b8-8b66-bd30660db156 -> 0 detected, 0 kept, 0 violation(s), 0 sighting(s), 0 incident(s)
05:53:05 INFO    app.workers.frame_worker | frame from camera 55858868-8e25-47b8-8b66-bd30660db156 -> 0 detected, 0 kept, 0 violation(s), 0 sighting(s), 0 incident(s)
05:53:07 INFO    app.workers.frame_worker | frame from camera 55858868-8e25-47b8-8b66-bd30660db156 -> 0 detected, 0 kept, 0 violation(s), 0 sighting(s), 0 incident(s)
05:53:08 INFO    app.workers.frame_worker | frame from camera 55858868-8e25-47b8-8b66-bd30660db156 -> 0 detected, 0 kept, 0 violation(s), 0 sighting(s), 0 incident(s)
05:53:10 INFO    app.workers.frame_worker | frame from camera 55858868-8e25-47b8-8b66-bd30660db156 -> 0 detected, 0 kept, 0 violation(s), 0 sighting(s), 0 incident(s)
05:53:11 INFO    app.workers.frame_worker | frame from camera 55858868-8e25-47b8-8b66-bd30660db156 -> 0 detected, 0 kept, 0 violation(s), 0 sighting(s), 0 incident(s)
05:53:20 INFO    app.services.ingest | no detections - saved a sample frame to logs/frames/125417_55858868_92178b.jpg (92178 bytes)
05:53:20 INFO    app.workers.frame_worker | frame from camera 55858868-8e25-47b8-8b66-bd30660db156 -> 0 detected, 0 kept, 0 violation(s), 0 sighting(s), 0 incident(s)
05:53:22 INFO    pipeline.helmet | [check_helmet] status='unknown' confidence=0.000 rider_bbox=[747.1, 757.5, 820.2, 885.2]
05:53:22 INFO    app.services.ingest | 1 of 1 detections were too small to identify (< 96 px tall) - dropped. Heights: 81px. A near miss means the camera only has to move closer; a number far below means the vehicle was never captured.
05:53:22 INFO    app.workers.frame_worker | frame from camera 55858868-8e25-47b8-8b66-bd30660db156 -> 1 detected, 0 kept, 0 violation(s), 0 sighting(s), 0 incident(s)
05:53:23 INFO    app.workers.frame_worker | frame from camera 55858868-8e25-47b8-8b66-bd30660db156 -> 1 detected, 1 kept, 0 violation(s), 1 sighting(s), 0 incident(s)
05:53:24 INFO    app.workers.frame_worker | frame from camera 55858868-8e25-47b8-8b66-bd30660db156 -> 0 detected, 0 kept, 0 violation(s), 0 sighting(s), 0 incident(s)
05:53:25 INFO    pipeline.helmet | [check_helmet] status='no_helmet' confidence=0.319 rider_bbox=[573.5, 623.3, 703.0, 845.7]
05:53:26 INFO    app.services.ingest | dedupe: 1 of 1 detections were repeats of a frame already stored
05:53:26 INFO    app.workers.frame_worker | frame from camera 55858868-8e25-47b8-8b66-bd30660db156 -> 1 detected, 0 kept, 0 violation(s), 0 sighting(s), 0 incident(s)
05:53:27 INFO    pipeline.helmet | [check_helmet] status='helmet' confidence=0.391 rider_bbox=[131.0, 617.3, 269.6, 891.8]
05:53:27 INFO    app.services.ingest | dedupe: 1 of 1 detections were repeats of a frame already stored
05:53:27 INFO    app.workers.frame_worker | frame from camera 55858868-8e25-47b8-8b66-bd30660db156 -> 1 detected, 0 kept, 0 violation(s), 0 sighting(s), 0 incident(s)
05:53:28 INFO    app.workers.frame_worker | frame from camera 55858868-8e25-47b8-8b66-bd30660db156 -> 0 detected, 0 kept, 0 violation(s), 0 sighting(s), 0 incident(s)
05:53:29 INFO    app.workers.frame_worker | frame from camera 55858868-8e25-47b8-8b66-bd30660db156 -> 0 detected, 0 kept, 0 violation(s), 0 sighting(s), 0 incident(s)
05:53:31 INFO    app.workers.frame_worker | frame from camera 55858868-8e25-47b8-8b66-bd30660db156 -> 0 detected, 0 kept, 0 violation(s), 0 sighting(s), 0 incident(s)
05:53:32 INFO    pipeline.helmet | [check_helmet] status='unknown' confidence=0.000 rider_bbox=[485.8, 863.3, 599.4, 1043.3] (no boxes at all)
05:53:32 INFO    app.workers.frame_worker | frame from camera 55858868-8e25-47b8-8b66-bd30660db156 -> 1 detected, 1 kept, 0 violation(s), 1 sighting(s), 0 incident(s)
05:53:33 INFO    app.services.ingest | dedupe: 1 of 1 detections were repeats of a frame already stored
05:53:33 INFO    app.workers.frame_worker | frame from camera 55858868-8e25-47b8-8b66-bd30660db156 -> 1 detected, 0 kept, 0 violation(s), 0 sighting(s), 0 incident(s)
05:53:34 INFO    app.workers.frame_worker | frame from camera 55858868-8e25-47b8-8b66-bd30660db156 -> 0 detected, 0 kept, 0 violation(s), 0 sighting(s), 0 incident(s)
05:53:36 INFO    app.services.ingest | no detections - saved a sample frame to logs/frames/125433_55858868_90042b.jpg (90042 bytes)
05:53:36 INFO    app.workers.frame_worker | frame from camera 55858868-8e25-47b8-8b66-bd30660db156 -> 0 detected, 0 kept, 0 violation(s), 0 sighting(s), 0 incident(s)
05:53:37 INFO    app.workers.frame_worker | frame from camera 55858868-8e25-47b8-8b66-bd30660db156 -> 0 detected, 0 kept, 0 violation(s), 0 sighting(s), 0 incident(s)
05:53:38 INFO    pipeline.helmet | [check_helmet] status='unknown' confidence=0.000 rider_bbox=[608.6, 941.1, 676.9, 1080.8] (no boxes at all)
05:53:39 INFO    app.services.ingest | 1 of 1 detections were too small to identify (< 96 px tall) - dropped. Heights: 94px. A near miss means the camera only has to move closer; a number far below means the vehicle was never captured.
05:53:39 INFO    app.workers.frame_worker | frame from camera 55858868-8e25-47b8-8b66-bd30660db156 -> 1 detected, 0 kept, 0 violation(s), 0 sighting(s), 0 incident(s)
05:53:40 INFO    app.workers.frame_worker | frame from camera 55858868-8e25-47b8-8b66-bd30660db156 -> 0 detected, 0 kept, 0 violation(s), 0 sighting(s), 0 incident(s)
05:53:41 INFO    app.workers.frame_worker | frame from camera 55858868-8e25-47b8-8b66-bd30660db156 -> 0 detected, 0 kept, 0 violation(s), 0 sighting(s), 0 incident(s)
05:53:42 INFO    app.workers.frame_worker | frame from camera 55858868-8e25-47b8-8b66-bd30660db156 -> 0 detected, 0 kept, 0 violation(s), 0 sighting(s), 0 incident(s)
05:53:44 INFO    app.workers.frame_worker | frame from camera 55858868-8e25-47b8-8b66-bd30660db156 -> 0 detected, 0 kept, 0 violation(s), 0 sighting(s), 0 incident(s)
05:53:45 INFO    pipeline.helmet | [check_helmet] status='no_helmet' confidence=0.398 rider_bbox=[594.8, 950.9, 697.7, 1155.2]
05:53:45 INFO    app.services.ingest | incident d5b3c13d-3420-4bd8-9692-eb2cc550402e: no_helmet at camera 55858868-8e25-47b8-8b66-bd30660db156, plate=UNREADABLE (fingerprint mode)
05:53:45 INFO    app.services.ingest | incident d5b3c13d-3420-4bd8-9692-eb2cc550402e: 7 candidates, best 0.891
05:53:45 INFO    app.workers.frame_worker | frame from camera 55858868-8e25-47b8-8b66-bd30660db156 -> 1 detected, 1 kept, 1 violation(s), 1 sighting(s), 1 incident(s)
05:53:46 INFO    app.workers.frame_worker | frame from camera 55858868-8e25-47b8-8b66-bd30660db156 -> 0 detected, 0 kept, 0 violation(s), 0 sighting(s), 0 incident(s)
05:53:48 INFO    app.workers.frame_worker | frame from camera 55858868-8e25-47b8-8b66-bd30660db156 -> 0 detected, 0 kept, 0 violation(s), 0 sighting(s), 0 incident(s)
05:53:49 INFO    app.workers.frame_worker | frame from camera 55858868-8e25-47b8-8b66-bd30660db156 -> 0 detected, 0 kept, 0 violation(s), 0 sighting(s), 0 incident(s)
05:53:50 INFO    app.workers.frame_worker | frame from camera 55858868-8e25-47b8-8b66-bd30660db156 -> 0 detected, 0 kept, 0 violation(s), 0 sighting(s), 0 incident(s)
05:53:52 INFO    app.services.ingest | no detections - saved a sample frame to logs/frames/125449_55858868_93048b.jpg (93048 bytes)
05:53:52 INFO    app.workers.frame_worker | frame from camera 55858868-8e25-47b8-8b66-bd30660db156 -> 0 detected, 0 kept, 0 violation(s), 0 sighting(s), 0 incident(s)
05:53:53 INFO    pipeline.helmet | [check_helmet] status='no_helmet' confidence=0.441 rider_bbox=[428.8, 781.8, 625.0, 1117.3]
05:53:53 INFO    app.services.ingest | no_helmet at camera 55858868-8e25-47b8-8b66-bd30660db156 already open as incident d5b3c13d-3420-4bd8-9692-eb2cc550402e (8.0s ago) - not opening a second
05:53:53 INFO    app.workers.frame_worker | frame from camera 55858868-8e25-47b8-8b66-bd30660db156 -> 1 detected, 1 kept, 1 violation(s), 1 sighting(s), 0 incident(s)
05:53:54 INFO    app.workers.frame_worker | frame from camera 55858868-8e25-47b8-8b66-bd30660db156 -> 0 detected, 0 kept, 0 violation(s), 0 sighting(s), 0 incident(s)
05:53:56 INFO    app.workers.frame_worker | frame from camera 55858868-8e25-47b8-8b66-bd30660db156 -> 0 detected, 0 kept, 0 violation(s), 0 sighting(s), 0 incident(s)
05:53:57 INFO    app.workers.frame_worker | frame from camera 55858868-8e25-47b8-8b66-bd30660db156 -> 0 detected, 0 kept, 0 violation(s), 0 sighting(s), 0 incident(s)
05:53:58 INFO    pipeline.helmet | [check_helmet] status='no_helmet' confidence=0.326 rider_bbox=[716.2, 826.3, 859.5, 1062.6]
05:53:58 INFO    app.services.ingest | no_helmet at camera 55858868-8e25-47b8-8b66-bd30660db156 already open as incident d5b3c13d-3420-4bd8-9692-eb2cc550402e (13.2s ago) - not opening a second
05:53:58 INFO    app.workers.frame_worker | frame from camera 55858868-8e25-47b8-8b66-bd30660db156 -> 1 detected, 1 kept, 1 violation(s), 1 sighting(s), 0 incident(s)
05:54:00 INFO    pipeline.helmet | [check_helmet] status='helmet' confidence=0.458 rider_bbox=[615.7, 793.1, 832.9, 1157.5]
05:54:00 INFO    app.services.ingest | dedupe: 1 of 1 detections were repeats of a frame already stored
05:54:00 INFO    app.workers.frame_worker | frame from camera 55858868-8e25-47b8-8b66-bd30660db156 -> 1 detected, 0 kept, 0 violation(s), 0 sighting(s), 0 incident(s)
05:54:01 INFO    app.workers.frame_worker | frame from camera 55858868-8e25-47b8-8b66-bd30660db156 -> 0 detected, 0 kept, 0 violation(s), 0 sighting(s), 0 incident(s)
05:54:02 INFO    app.workers.frame_worker | frame from camera 55858868-8e25-47b8-8b66-bd30660db156 -> 0 detected, 0 kept, 0 violation(s), 0 sighting(s), 0 incident(s)
05:56:45 INFO    pipeline.helmet | [check_helmet] status='unknown' confidence=0.000 rider_bbox=[554.9, 551.6, 611.0, 645.8] (no boxes at all)
05:56:45 INFO    app.workers.frame_worker | frame from camera 57da2ffe-db48-4628-85da-481cbba62525 -> 1 detected, 1 kept, 0 violation(s), 1 sighting(s), 0 incident(s)
05:56:46 INFO    app.services.ingest | no detections - saved a sample frame to logs/frames/125744_57da2ffe_55233b.jpg (55233 bytes)
05:56:46 INFO    app.workers.frame_worker | frame from camera 57da2ffe-db48-4628-85da-481cbba62525 -> 0 detected, 0 kept, 0 violation(s), 0 sighting(s), 0 incident(s)
05:56:47 INFO    app.workers.frame_worker | frame from camera 57da2ffe-db48-4628-85da-481cbba62525 -> 0 detected, 0 kept, 0 violation(s), 0 sighting(s), 0 incident(s)
05:56:48 INFO    pipeline.helmet | [check_helmet] status='no_helmet' confidence=0.629 rider_bbox=[559.8, 617.0, 734.6, 932.9]
05:56:48 INFO    app.services.ingest | dedupe: 1 of 1 detections were repeats of a frame already stored
05:56:48 INFO    app.workers.frame_worker | frame from camera 57da2ffe-db48-4628-85da-481cbba62525 -> 1 detected, 0 kept, 0 violation(s), 0 sighting(s), 0 incident(s)
05:56:49 INFO    pipeline.helmet | [check_helmet] status='no_helmet' confidence=0.765 rider_bbox=[490.4, 634.1, 721.6, 1057.4]
05:56:50 INFO    app.services.ingest | dedupe: 1 of 1 detections were repeats of a frame already stored
05:56:50 INFO    app.workers.frame_worker | frame from camera 57da2ffe-db48-4628-85da-481cbba62525 -> 1 detected, 0 kept, 0 violation(s), 0 sighting(s), 0 incident(s)
05:56:51 INFO    app.workers.frame_worker | frame from camera 57da2ffe-db48-4628-85da-481cbba62525 -> 0 detected, 0 kept, 0 violation(s), 0 sighting(s), 0 incident(s)
05:57:00 INFO    app.workers.frame_worker | frame from camera 57da2ffe-db48-4628-85da-481cbba62525 -> 0 detected, 0 kept, 0 violation(s), 0 sighting(s), 0 incident(s)
05:57:01 INFO    app.services.ingest | no detections - saved a sample frame to logs/frames/125800_57da2ffe_39034b.jpg (39034 bytes)
05:57:01 INFO    app.workers.frame_worker | frame from camera 57da2ffe-db48-4628-85da-481cbba62525 -> 0 detected, 0 kept, 0 violation(s), 0 sighting(s), 0 incident(s)
05:57:02 INFO    app.workers.frame_worker | frame from camera 57da2ffe-db48-4628-85da-481cbba62525 -> 0 detected, 0 kept, 0 violation(s), 0 sighting(s), 0 incident(s)
05:57:04 INFO    app.workers.frame_worker | frame from camera 57da2ffe-db48-4628-85da-481cbba62525 -> 0 detected, 0 kept, 0 violation(s), 0 sighting(s), 0 incident(s)
05:57:05 INFO    app.workers.frame_worker | frame from camera 57da2ffe-db48-4628-85da-481cbba62525 -> 0 detected, 0 kept, 0 violation(s), 0 sighting(s), 0 incident(s)
05:57:06 INFO    pipeline.helmet | [check_helmet] status='no_helmet' confidence=0.439 rider_bbox=[499.3, 710.9, 596.7, 913.8]
05:57:06 INFO    app.services.ingest | incident fbb97231-e3ce-474b-a5ef-ae4c38e91a12: no_helmet at camera 57da2ffe-db48-4628-85da-481cbba62525, plate=UNREADABLE (fingerprint mode)
05:57:06 INFO    app.services.matching | incident fbb97231-e3ce-474b-a5ef-ae4c38e91a12: 1 of 12 candidates below 0.70 (stored, not offered): 0.625
05:57:06 INFO    app.services.ingest | incident fbb97231-e3ce-474b-a5ef-ae4c38e91a12: 12 candidates, best 0.852
05:57:06 INFO    app.workers.frame_worker | frame from camera 57da2ffe-db48-4628-85da-481cbba62525 -> 1 detected, 1 kept, 1 violation(s), 1 sighting(s), 1 incident(s)
05:57:07 INFO    pipeline.helmet | [check_helmet] status='no_helmet' confidence=0.503 rider_bbox=[224.0, 706.7, 320.0, 944.1]
05:57:07 INFO    app.services.ingest | dedupe: 1 of 1 detections were repeats of a frame already stored
05:57:07 INFO    app.workers.frame_worker | frame from camera 57da2ffe-db48-4628-85da-481cbba62525 -> 1 detected, 0 kept, 0 violation(s), 0 sighting(s), 0 incident(s)
05:57:08 INFO    app.workers.frame_worker | frame from camera 57da2ffe-db48-4628-85da-481cbba62525 -> 0 detected, 0 kept, 0 violation(s), 0 sighting(s), 0 incident(s)
05:57:09 INFO    app.workers.frame_worker | frame from camera 57da2ffe-db48-4628-85da-481cbba62525 -> 0 detected, 0 kept, 0 violation(s), 0 sighting(s), 0 incident(s)
05:57:11 INFO    app.workers.frame_worker | frame from camera 57da2ffe-db48-4628-85da-481cbba62525 -> 0 detected, 0 kept, 0 violation(s), 0 sighting(s), 0 incident(s)
05:57:12 INFO    pipeline.helmet | [check_helmet] status='unknown' confidence=0.000 rider_bbox=[688.3, 942.8, 771.0, 1070.8] (no boxes at all)
05:57:12 INFO    app.workers.frame_worker | frame from camera 57da2ffe-db48-4628-85da-481cbba62525 -> 1 detected, 1 kept, 0 violation(s), 1 sighting(s), 0 incident(s)
05:57:13 INFO    app.workers.frame_worker | frame from camera 57da2ffe-db48-4628-85da-481cbba62525 -> 0 detected, 0 kept, 0 violation(s), 0 sighting(s), 0 incident(s)
05:57:14 INFO    app.workers.frame_worker | frame from camera 57da2ffe-db48-4628-85da-481cbba62525 -> 0 detected, 0 kept, 0 violation(s), 0 sighting(s), 0 incident(s)
05:57:15 INFO    app.workers.frame_worker | frame from camera 57da2ffe-db48-4628-85da-481cbba62525 -> 0 detected, 0 kept, 0 violation(s), 0 sighting(s), 0 incident(s)
05:57:17 INFO    app.services.ingest | no detections - saved a sample frame to logs/frames/125815_57da2ffe_61640b.jpg (61640 bytes)
05:57:17 INFO    app.workers.frame_worker | frame from camera 57da2ffe-db48-4628-85da-481cbba62525 -> 0 detected, 0 kept, 0 violation(s), 0 sighting(s), 0 incident(s)
05:57:18 INFO    app.workers.frame_worker | frame from camera 57da2ffe-db48-4628-85da-481cbba62525 -> 0 detected, 0 kept, 0 violation(s), 0 sighting(s), 0 incident(s)
05:57:19 INFO    app.workers.frame_worker | frame from camera 57da2ffe-db48-4628-85da-481cbba62525 -> 0 detected, 0 kept, 0 violation(s), 0 sighting(s), 0 incident(s)
05:57:20 INFO    app.workers.frame_worker | frame from camera 57da2ffe-db48-4628-85da-481cbba62525 -> 0 detected, 0 kept, 0 violation(s), 0 sighting(s), 0 incident(s)
05:57:21 INFO    app.workers.frame_worker | frame from camera 57da2ffe-db48-4628-85da-481cbba62525 -> 0 detected, 0 kept, 0 violation(s), 0 sighting(s), 0 incident(s)
05:57:25 INFO    app.services.ingest | 1 of 1 detections were too small to identify (< 96 px tall) - dropped. Heights: 77px. A near miss means the camera only has to move closer; a number far below means the vehicle was never captured.
05:57:25 INFO    app.workers.frame_worker | frame from camera 57da2ffe-db48-4628-85da-481cbba62525 -> 1 detected, 0 kept, 0 violation(s), 0 sighting(s), 0 incident(s)
05:57:26 INFO    pipeline.helmet | [check_helmet] status='no_helmet' confidence=0.699 rider_bbox=[360.4, 991.5, 492.7, 1274.3]
05:57:27 INFO    app.services.ingest | no_helmet at camera 57da2ffe-db48-4628-85da-481cbba62525 already open as incident fbb97231-e3ce-474b-a5ef-ae4c38e91a12 (20.2s ago) - not opening a second
05:57:27 INFO    app.workers.frame_worker | frame from camera 57da2ffe-db48-4628-85da-481cbba62525 -> 1 detected, 1 kept, 1 violation(s), 1 sighting(s), 0 incident(s)
05:57:28 INFO    app.workers.frame_worker | frame from camera 57da2ffe-db48-4628-85da-481cbba62525 -> 0 detected, 0 kept, 0 violation(s), 0 sighting(s), 0 incident(s)
05:57:28 INFO    app.workers.frame_worker | frame from camera 57da2ffe-db48-4628-85da-481cbba62525 -> 0 detected, 0 kept, 0 violation(s), 0 sighting(s), 0 incident(s)
05:57:30 INFO    app.workers.frame_worker | frame from camera 57da2ffe-db48-4628-85da-481cbba62525 -> 0 detected, 0 kept, 0 violation(s), 0 sighting(s), 0 incident(s)
05:57:31 INFO    pipeline.helmet | [check_helmet] status='no_helmet' confidence=0.269 rider_bbox=[580.2, 956.7, 649.7, 1077.7]
05:57:31 INFO    app.services.ingest | 1 of 1 detections were too small to identify (< 96 px tall) - dropped. Heights: 87px. A near miss means the camera only has to move closer; a number far below means the vehicle was never captured.
05:57:31 INFO    app.workers.frame_worker | frame from camera 57da2ffe-db48-4628-85da-481cbba62525 -> 1 detected, 0 kept, 0 violation(s), 0 sighting(s), 0 incident(s)
05:57:32 INFO    pipeline.helmet | [check_helmet] status='no_helmet' confidence=0.334 rider_bbox=[505.2, 939.5, 612.5, 1110.7]
05:57:32 INFO    app.services.ingest | no_helmet at camera 57da2ffe-db48-4628-85da-481cbba62525 already open as incident fbb97231-e3ce-474b-a5ef-ae4c38e91a12 (26.0s ago) - not opening a second
05:57:32 INFO    app.workers.frame_worker | frame from camera 57da2ffe-db48-4628-85da-481cbba62525 -> 1 detected, 1 kept, 1 violation(s), 1 sighting(s), 0 incident(s)
05:57:33 INFO    pipeline.helmet | [check_helmet] status='no_helmet' confidence=0.667 rider_bbox=[288.4, 926.7, 466.7, 1209.8]
05:57:33 INFO    app.services.ingest | dedupe: 1 of 1 detections were repeats of a frame already stored
05:57:33 INFO    app.workers.frame_worker | frame from camera 57da2ffe-db48-4628-85da-481cbba62525 -> 1 detected, 0 kept, 0 violation(s), 0 sighting(s), 0 incident(s)
05:57:34 INFO    app.services.ingest | no detections - saved a sample frame to logs/frames/125833_57da2ffe_70566b.jpg (70566 bytes)
05:57:34 INFO    app.workers.frame_worker | frame from camera 57da2ffe-db48-4628-85da-481cbba62525 -> 0 detected, 0 kept, 0 violation(s), 0 sighting(s), 0 incident(s)
05:57:36 INFO    pipeline.helmet | [check_helmet] status='no_helmet' confidence=0.478 rider_bbox=[565.2, 914.3, 642.1, 1025.5]
05:57:36 INFO    app.services.ingest | 2 of 2 detections were too small to identify (< 96 px tall) - dropped. Heights: 91px, 50px. A near miss means the camera only has to move closer; a number far below means the vehicle was never captured.
05:57:36 INFO    app.workers.frame_worker | frame from camera 57da2ffe-db48-4628-85da-481cbba62525 -> 2 detected, 0 kept, 0 violation(s), 0 sighting(s), 0 incident(s)
05:57:37 INFO    pipeline.helmet | [check_helmet] status='no_helmet' confidence=0.528 rider_bbox=[371.7, 916.4, 456.7, 1086.1]
05:57:37 INFO    app.services.ingest | 1 of 2 detections were too small to identify (< 96 px tall) - dropped. Heights: 69px. A near miss means the camera only has to move closer; a number far below means the vehicle was never captured.
05:57:37 INFO    app.services.ingest | dedupe: 2 of 2 detections were repeats of a frame already stored
05:57:37 INFO    app.workers.frame_worker | frame from camera 57da2ffe-db48-4628-85da-481cbba62525 -> 2 detected, 0 kept, 0 violation(s), 0 sighting(s), 0 incident(s)
05:57:38 INFO    app.workers.frame_worker | frame from camera 57da2ffe-db48-4628-85da-481cbba62525 -> 0 detected, 0 kept, 0 violation(s), 0 sighting(s), 0 incident(s)
05:57:39 INFO    app.workers.frame_worker | frame from camera 57da2ffe-db48-4628-85da-481cbba62525 -> 1 detected, 1 kept, 0 violation(s), 1 sighting(s), 0 incident(s)
05:57:40 INFO    pipeline.helmet | [check_helmet] status='no_helmet' confidence=0.563 rider_bbox=[649.0, 861.9, 856.3, 1222.7]
05:57:40 INFO    app.services.ingest | dedupe: 1 of 1 detections were repeats of a frame already stored
05:57:40 INFO    app.workers.frame_worker | frame from camera 57da2ffe-db48-4628-85da-481cbba62525 -> 1 detected, 0 kept, 0 violation(s), 0 sighting(s), 0 incident(s)
05:57:41 INFO    pipeline.helmet | [check_helmet] status='no_helmet' confidence=0.827 rider_bbox=[335.6, 799.8, 722.0, 1379.8]
05:57:42 INFO    app.services.ingest | dedupe: 1 of 1 detections were repeats of a frame already stored
05:57:42 INFO    app.workers.frame_worker | frame from camera 57da2ffe-db48-4628-85da-481cbba62525 -> 1 detected, 0 kept, 0 violation(s), 0 sighting(s), 0 incident(s)
05:57:42 INFO    app.workers.frame_worker | frame from camera 57da2ffe-db48-4628-85da-481cbba62525 -> 0 detected, 0 kept, 0 violation(s), 0 sighting(s), 0 incident(s)
05:58:08 INFO    app.core.events | ws client disconnected (8 left)
05:58:09 INFO    app.core.events | ws client connected (9 total)
05:58:13 INFO    app.core.events | ws client disconnected (8 left)
05:58:13 INFO    app.services.matching | incident 13b0d80c-3614-4eb1-a06f-0f1fe3b1ca59: 1 of 11 candidates below 0.70 (stored, not offered): 0.657
05:58:17 INFO    app.core.events | ws client connected (9 total)
05:58:34 INFO    app.core.events | ws client disconnected (8 left)
05:58:34 INFO    app.services.matching | incident 13b0d80c-3614-4eb1-a06f-0f1fe3b1ca59: 1 of 11 candidates below 0.70 (stored, not offered): 0.657
05:59:00 INFO    app.api.routes.matches | match a921effe-2429-4790-a880-371053dbf0e9 confirmed
05:59:00 INFO    app.services.matching | incident 13b0d80c-3614-4eb1-a06f-0f1fe3b1ca59: 1 of 11 candidates below 0.70 (stored, not offered): 0.657
05:59:17 INFO    app.api.routes.matches | match 4b329655-c4da-4bf9-97d7-ba0c3b667b3f rejected
05:59:17 INFO    app.services.matching | incident 13b0d80c-3614-4eb1-a06f-0f1fe3b1ca59: 1 of 11 candidates below 0.70 (stored, not offered): 0.657
05:59:26 INFO    app.services.matches | case d5b3c13d-3420-4bd8-9692-eb2cc550402e folded into 13b0d80c-3614-4eb1-a06f-0f1fe3b1ca59 - the officer confirmed they are one vehicle
05:59:26 INFO    app.api.routes.matches | match 9b7bff7a-80af-42f5-9c7b-c743eb6e00e1 confirmed
05:59:26 INFO    app.services.matching | incident 13b0d80c-3614-4eb1-a06f-0f1fe3b1ca59: 1 of 11 candidates below 0.70 (stored, not offered): 0.657
05:59:36 INFO    app.core.events | ws client connected (9 total)
05:59:40 INFO    app.core.events | ws client disconnected (8 left)
05:59:44 INFO    app.api.routes.matches | match e3d109c2-5a41-473c-9aaf-f512dc9733fb rejected
05:59:46 INFO    app.api.routes.matches | match 128ef829-200e-4f29-bc1d-120a4634e4e4 rejected
05:59:47 INFO    app.api.routes.matches | match 2bfe5255-fab6-485d-9a1f-8d32a2975da4 rejected
05:59:48 INFO    app.api.routes.matches | match 6a730e59-bae7-4266-a4c7-62a8d42ca15d rejected
05:59:49 INFO    app.api.routes.matches | match 64a18944-cc62-4191-899f-ab97629a3972 rejected
05:59:51 INFO    app.core.events | ws client connected (9 total)
05:59:53 INFO    app.core.events | ws client disconnected (8 left)
05:59:53 INFO    app.services.matching | incident fbb97231-e3ce-474b-a5ef-ae4c38e91a12: 1 of 12 candidates below 0.70 (stored, not offered): 0.625
06:00:00 INFO    app.api.routes.matches | match 38b2b94d-2034-4321-b2cc-1791c1f8543f confirmed
06:00:00 INFO    app.services.matching | incident fbb97231-e3ce-474b-a5ef-ae4c38e91a12: 1 of 12 candidates below 0.70 (stored, not offered): 0.625
06:00:04 INFO    app.api.routes.matches | match 820c05bd-cf2c-45ec-8dc1-2176d1bde6e5 rejected
06:00:04 INFO    app.services.matching | incident fbb97231-e3ce-474b-a5ef-ae4c38e91a12: 1 of 12 candidates below 0.70 (stored, not offered): 0.625
06:00:04 INFO    app.api.routes.matches | match f76796ba-46d6-4cd2-913d-af0ebb203189 rejected
06:00:04 INFO    app.services.matching | incident fbb97231-e3ce-474b-a5ef-ae4c38e91a12: 1 of 12 candidates below 0.70 (stored, not offered): 0.625
06:00:05 INFO    app.api.routes.matches | match c720b729-db1f-48d4-84fd-94f925048361 rejected
06:00:05 INFO    app.services.matching | incident fbb97231-e3ce-474b-a5ef-ae4c38e91a12: 1 of 12 candidates below 0.70 (stored, not offered): 0.625
06:00:06 INFO    app.api.routes.matches | match d877f760-4024-4b20-a38b-e126abfba799 rejected
06:00:06 INFO    app.services.matching | incident fbb97231-e3ce-474b-a5ef-ae4c38e91a12: 1 of 12 candidates below 0.70 (stored, not offered): 0.625
06:00:08 INFO    app.core.events | ws client connected (9 total)
06:00:09 INFO    app.core.events | ws client disconnected (8 left)
06:00:10 INFO    app.core.events | ws client connected (9 total)
06:00:11 INFO    app.core.events | ws client disconnected (8 left)
06:00:11 INFO    app.core.events | ws client connected (9 total)
06:00:12 INFO    app.core.events | ws client disconnected (8 left)
06:00:12 INFO    app.core.events | ws client connected (9 total)
06:00:12 INFO    app.core.events | ws client disconnected (8 left)
06:00:13 INFO    app.core.events | ws client connected (9 total)
06:00:18 INFO    app.core.events | ws client disconnected (8 left)
06:00:18 INFO    app.core.events | ws client connected (9 total)
06:00:31 INFO    app.core.events | ws client disconnected (8 left)
06:00:31 INFO    app.core.events | ws client connected (9 total)
06:01:21 INFO    app.core.events | ws client disconnected (8 left)
06:01:21 INFO    app.core.events | ws client disconnected (7 left)
06:01:24 INFO    app.core.events | ws client disconnected (6 left)
06:01:24 INFO    app.core.events | ws client disconnected (5 left)
06:05:09 INFO    app.core.events | ws client disconnected (4 left)
06:05:09 INFO    app.core.events | ws client disconnected (3 left)
06:10:13 INFO    app.api.routes.cameras | camera claimed: Camera 2 — Tipu Sultan Rd (55858868-8e25-47b8-8b66-bd30660db156)
06:10:15 INFO    app.core.events | ws client connected (4 total)
06:10:20 INFO    app.core.events | ws client connected (5 total)
06:10:33 INFO    app.core.events | ws client disconnected (4 left)
06:10:33 INFO    app.core.events | ws client disconnected (3 left)
06:10:33 INFO    app.core.events | ws client disconnected (2 left)
06:12:20 INFO    app.core.events | ws client disconnected (1 left)
06:12:35 INFO    app.core.events | ws client disconnected (0 left)
06:28:19 INFO    app.core.events | ws client connected (1 total)
06:28:19 INFO    app.core.events | ws client connected (2 total)
06:28:19 INFO    app.core.events | ws client connected (3 total)
06:39:09 INFO    app.core.events | ws client disconnected (2 left)
06:39:09 INFO    app.core.events | ws client disconnected (1 left)
06:39:09 INFO    app.core.events | ws client disconnected (0 left)
06:42:57 INFO    app.core.events | ws client connected (1 total)
06:42:57 INFO    app.core.events | ws client connected (2 total)
06:42:57 INFO    app.core.events | ws client connected (3 total)
